"","query","superkingdom","kingdom","subkingdom","phylum","class","subclass","superorder","order","suborder","family","tribe","genus","species","seq","seqlen","miseq_run","rep_tax","total_abundance"
"PRO_Taxa00006","OTU00006","Bacteria","",NA,"Pseudomonadota","Betaproteobacteria","",NA,"Burkholderiales","","Comamonadaceae","","","","TACGTAGGGTGCAAGCGTTAATCGGAATTACTGGGCGTAAAGCGTGCGCAGGCGGTGATGTAAGACAGAGGTGAAATCCCCGGGCTCAACCTGGGAACTGCCTTTGTGACTGCATCGCTGGAGTACGGCAGAGGGGGATGGAATTCCGCGTGTAGCAGTGAAATGCGTAGATATGCGGAGGAACACCGATGGCGAAGGCAATCCCCTGGGCCTGTACTGACGCTCATGCACGAAAGCGTGGGGAGCAAACAGG","253","RMR-080-16S","Bacteria",34558757.0494817
"PRO_Taxa00008","OTU00008","Eukaryota","",NA,"","","",NA,"","","","","","","GACGGAGGATGCAAGTGTTATCCGGAATCACTGGGCGTAAAGCGTCTGTAGGTGGTTTGATAAGTCAACTGTTAAATCTTGAAGCTCAACTTCAAAATCGCAGTCGAAACTATTAGACTAGAGTATAGTAGGGGTAAAGGGAATTTCCAGTGGAGCGGTGAAATGCGTAGATATTGGAAAGAACACCGATGGCGAAGGCACTTTACTGGGCTATTACTGACACTCAGAGACGAAAGCTAGGGTAGCAAATGGG","253","RMR-080-16S","Non-Fungi Eukaryota",33826032.5270713
"PRO_Taxa00010","OTU00010","Bacteria","",NA,"Bacteroidota","Flavobacteriia","",NA,"Flavobacteriales","","Flavobacteriaceae","","Flavobacterium","","TACGGAGGATCCAAGCGTTATCCGGAATCATTGGGTTTAAAGGGTCCGTAGGCGGCTTTATAAGTCAGTGGTGAAAGCCCATCGCTCAACGATGGAACGGCCATTGATACTGTAGAGCTTGAATTATTAGGAAGTAACTAGAATATGTAGTGTAGCGGTGAAATGCTTAGAGATTACATGGAATACCAATTGCGAAGGCAGGTTACTACTAATGGATTGACGCTGATGGACGAAAGCGTGGGGAGCGAACAGG","253","RMR-080-16S","Bacteria",32696998.0998477
"PRO_Taxa00009","OTU00009","Bacteria","",NA,"Bacteroidota","","",NA,"","","","","","","TACGGAGGGTGCAAGCGTTGTCCGGATTTATTGGGTTTAAAGGGTGCGCAGGTGGTTTATTAAGTCAGTGGTGAAAGACGGTCGCTCAACGATTGCAGTGCCATTGAAACTGGTAGACTTGAGTAAAGTAGAGGTGGGCGGAATTGATAGTGTAGCGGTGAAATGCATAGATATTATCAAGAACTCCAATTGCGTAGGCAGCTCACTTGGCTTTTACTGACACTCATGCACGAAAGTGTGGGTATCAAACAGG","253","RMR-080-16S","Bacteria",26919470.7849297
"PRO_Taxa00011","OTU00011","Bacteria","",NA,"","","",NA,"","","","","","","TACAGAGGTCTCAAGCGTTGTTCGGATTCATTGGGCGTAAAGGGTGCGCAGGCTGTGGGGTAAGTCGGATGTGAAATTTAGGGGCTCAACCCCTAAACTGCATTCGATACTGCTCCGCTAGAGGACTGTAGAGGAGATTGGAATTCACGGTGTAGCAGTGAAATGCGTAGATATCGTGAGGAAGACCAGTGGCGAAGGCGAATCTCTGGGCAGTTCCTGACGCTCATGCACGAAGGCCAGGGGAGCAAACGGG","253","RMR-080-16S","Bacteria",17894288.6687631
"PRO_Taxa00013","OTU00013","Bacteria","",NA,"Actinomycetota","Actinomycetes","",NA,"","","","","","","TACGTAGGGTGCAAGCGTTGTCCGGAATTATTGGGCGTAAAGAGCTCGTAGGCGGTTTGTCGCGTCTGCTGTGAAAATCCGAGGCTCAACCTCGGACCTGCAGTGGGTACGGGCAAACTAGAGTGCAGTAGGGGAGAAGGGAATTCCTGGTGTAGCGGTGGAATGCGCAGATATCAGGAGGAACACCGATGGCGAAGGCACTTCTCTGGGCTGTAACTGACGCTGAGGAGCGAAAGCGTGGGGAGCGAACAGG","253","RMR-080-16S","Bacteria",17427774.8232489
"PRO_Taxa00004","OTU00004","Bacteria","",NA,"Bacillota","Bacilli","",NA,"Bacillales","","Paenibacillaceae","","Paenibacillus","","TACGTAGGGGGCAAGCGTTGTCCGGAATTATTGGGCGTAAAGCGCGCGCAGGCGGTTTTTTAAGTCTGATGTTTAAGCCCGTGGCTCAACCACGGTTCGCATTGGAAACTGGAAGACTTGAGTGTAGGAGAGGAAAGTGGAATTCCACGTGTAGCGGTGAAATGCGTAGAGATGTGGAGGAACACCAGTGGCGAAGGCGACTTTCTGGCCTATAACTGACGCTGAGGCGCGAAAGCGTGGGGAGCAAACAGG","252","RMR-080-16S","Bacteria",17269434.3282744
"PRO_Taxa00007","OTU00007","Bacteria","",NA,"Actinomycetota","Actinomycetes","",NA,"","","","","","","TACATAGGGTGCAAGCGTTGTCCGGAATTATTGGGCGTAAAGAGCTCGTAGGTGGTTCGATACGTCGGATGTGAAAATCAGGGGCTCAACCCCTGACCTGCATTCGATACGGTCGAGCTAGAGTGTGGTAGGGGAGACTGGAATTCCTGGTGTAGCGGTGGAATGCGCAGATATCAGGAGGAACACCGATGGCGAAGGCAGGTCTCTGGGCCATTACTGACACTGAGGAGCGAAAGCGTGGGGAGCGAACAGG","253","RMR-080-16S","Bacteria",15571934.8684384
"PRO_Taxa00014","OTU00014","Bacteria","",NA,"Bacteroidota","Flavobacteriia","",NA,"Flavobacteriales","","Flavobacteriaceae","","Flavobacterium","","TACGGAGGATGCGAGCGTTATCCGGAATCATTGGGTTTAAAGGGTCCGTAGGCGGTTTAATAAGTCAGTGGTGAAATCTGGTCGCTCAACGATCAAACTGCCATTGATACTGTTAGACTTGAATAATTGTGAAGTAACTAGAATATGTAGTGTAGCGGTGAAATGCTTAGATATTACATGGAATACCAATTGCGAAGGCAGGTTACTAACAATTTATTGACGCTGATGGACGAAAGCGTGGGGAGCGAACAGG","253","RMR-080-16S","Bacteria",12374801.4331092
"PRO_Taxa00027","OTU00027","Bacteria","",NA,"","","",NA,"","","","","","","TACGGAGGATCCAAGCGTTATCCGGAATCATTGGGTTTAAAGGGTCCGTAGGCGGTCTTATAAGTCAGTGGTGAAAGCCCATCGCTCAACGATGGAACTGCCATTGATACTGTAAGACTTGAATGCTTAGGAAGTAACTAGAATATGTAGTGTAGCGGTGAAATGCTTAGATATTACATGGAATACCAATTGCGAAGGCAGGTTACTACTAAGTGATTGACGCTGATGGACGAAAGCGTGGGGAGCGAACAGG","253","RMR-080-16S","Bacteria",11962948.2358741
"PRO_Taxa00019","OTU00019","Bacteria","",NA,"Pseudomonadota","Betaproteobacteria","",NA,"","","","","","","TACGTAGGGTGCAAGCGTTAATCGGAATTACTGGGCGTAAAGCGTGCGCAGGCGGTTATGTAAGACAGAGGTGAAATCCCCGGGCTCAACCTGGGAACTGCCTTTGTGACTGCATAGCTAGAGTACGGTAGAGGGGGATGGAATTCCGCGTGTAGCAGTGAAATGCGTAGATATGCGGAGGAACACCGATGGCGAAGGCAATCCCCTGGACCTGTACTGACGCTCATGCACGAAAGCGTGGGGAGCAAACAGG","253","RMR-080-16S","Bacteria",10432448.6974836
"PRO_Taxa00023","OTU00023","Bacteria","",NA,"Bacteroidota","Sphingobacteriia","",NA,"Sphingobacteriales","","Sphingobacteriaceae","","Pedobacter","","TACGGAGGATCCAAGCGTTATCCGGATTTATTGGGTTTAAAGGGAGCGTAGGCGGCCGTTTAAGTCAGAGGTGAAAACTTGCAGCTCAACTGTAAGCTTGCCTTTGATACTGAATGGCTTGAATGAACTTGAGGTAGGCGGAATGTGACAAGTAGCGGTGAAATGCATAGATATGTCACAGAACACCAATTGCGAAGGCAGCTTACTAAGGTTTAATTGACGCTGAGGCTCGAAAGCGTGGGGATCAAACAGG","253","RMR-080-16S","Bacteria",10062016.1471456
