"","Sample_ID","Sample_Name","Run_Name","Sample_Name2","Site","Target","I7_Index_ID","index","I5_Index_ID","index2","Sample_Project","Description","date","Time","Week","plot","treatment","sample_nc","filt045_ml","filt022_ml","pH","EC","TDS","Temp.","WaterLevel..cm.","Comment","std_validity","dada2_input","dada2_prop","STD_all","NonSTD_all","STD_prop","STD_r2","STD_coef","dna_copy_sum"
"S001","RMR-103-S081","Ogura-COI-NF-P1-5_19","RMR-103","S001","Ogura","coi","U701","CGATGGTT","D501","TATAGCCT","OguraRice-eDNA-2017","COIstd50copies","2017-05-19","15:00",0,"P01","NF","sample",30,30,6.75,0.18,0.09,29.3,"Med","From west point","Valid",24345,0.981638940234134,14001,9897,0.585864925935225,0.888350307584232,150.365278592375,219.399054813928
"S002","RMR-103-S082","Ogura-COI-NF-P1-5_31","RMR-103","S002","Ogura","coi","U701","CGATGGTT","D502","ATAGAGGC","OguraRice-eDNA-2017","COIstd50copies","2017-05-31","9:10",1,"P01","NF","sample",100,30,6.5,0.21,0.11,29.2,"Med","","Valid",79668,0.971331023748557,9751,67633,0.126007960301871,0.95198353504372,104.304046920821,648.421628849563
"S003","RMR-103-S083","Ogura-COI-NF-P1-6_7","RMR-103","S003","Ogura","coi","U701","CGATGGTT","D503","CCTATCCT","OguraRice-eDNA-2017","COIstd50copies","2017-06-07","9:35",2,"P01","NF","sample",50,30,7.46,0.21,0.1,21.2,"Med","rain","Valid",65141,0.986107060069695,6803,57433,0.105906345351516,0.909524234820441,70.7321994134897,1623.95628797728
"S004","RMR-103-S084","Ogura-COI-NF-P1-6_14","RMR-103","S004","Ogura","coi","U701","CGATGGTT","D504","GGCTCTGA","OguraRice-eDNA-2017","COIstd50copies","2017-06-14","9:20",3,"P01","NF","sample",40,30,6.64,0.19,0.11,27.2,"Med","sunny","Valid",60376,0.977110109977474,610,58384,0.0103400345797878,0.826464134071058,6.44222873900293,22656.7552804079
"S005","RMR-103-S085","Ogura-COI-NF-P1-6_21","RMR-103","S005","Ogura","coi","U701","CGATGGTT","D505","AGGCGAAG","OguraRice-eDNA-2017","COIstd50copies","2017-06-21","9:54",4,"P01","NF","sample",100,30,7.71,0.07,0.03,20.8,"High","heavy rain","Valid",75542,0.982632178126076,2815,71415,0.0379226727738111,0.946482761098692,30.7697360703812,2320.94938470215
"S006","RMR-103-S086","Ogura-COI-NF-P1-6_28","RMR-103","S006","Ogura","coi","U701","CGATGGTT","D506","TAATCTTA","OguraRice-eDNA-2017","COIstd50copies","2017-06-28","9:43",5,"P01","NF","sample",50,30,7.03,0.14,0.07,25.4,"High","rain","Valid",61843,0.976893100270039,13587,46827,0.224898202403416,0.961974532707628,146.33853372434,639.981812148107
"S007","RMR-103-S087","Ogura-COI-NF-P1-7_5","RMR-103","S007","Ogura","coi","U701","CGATGGTT","D507","CAGGACGT","OguraRice-eDNA-2017","COIstd50copies","2017-07-05","9:34",6,"P01","NF","sample",50,30,7,0.07,0.04,27,"High","rain","Valid",37712,0.985230165464574,5118,32037,0.13774727492935,0.97983398039839,58.716715542522,1091.23951174684
"S008","RMR-103-S088","Ogura-COI-NF-P1-7_12","RMR-103","S008","Ogura","coi","U701","CGATGGTT","D508","GTACTGAC","OguraRice-eDNA-2017","COIstd50copies","2017-07-12","9:29",7,"P01","NF","sample",50,30,6.73,0.11,0.05,32,"Med","cloudy","Valid",46973,0.982819917825134,3688,42478,0.0798856301174024,0.951753248720823,43.3492082111437,1959.80511538295
"S009","RMR-103-S089","Ogura-COI-NF-P1-7_19","RMR-103","S009","Ogura","coi","U702","GTAGGAAC","D501","TATAGCCT","OguraRice-eDNA-2017","COIstd50copies","2017-07-19","9:31",8,"P01","NF","sample",50,30,7.17,0.08,0.04,32.1,"Low (1 cm)","sunny","Valid",38636,0.979837457293716,6584,31273,0.173917637425047,0.904861645293094,73.6319061583577,849.441543255511
"S010","RMR-103-S090","Ogura-COI-NF-P1-7_26","RMR-103","S010","Ogura","coi","U702","GTAGGAAC","D502","ATAGAGGC","OguraRice-eDNA-2017","COIstd50copies","2017-07-26","9:24",9,"P01","NF","sample",50,30,7.2,0.13,0.06,29,"High","cloudy","Valid",79508,0.97865623585048,14914,62897,0.191669558288674,0.895149686942298,158.859824046921,791.855340106923
"S011","RMR-103-S091","Ogura-COI-NF-P1-8_2","RMR-103","S011","Ogura","coi","U702","GTAGGAAC","D503","CCTATCCT","OguraRice-eDNA-2017","COIstd50copies","2017-08-02","9:26",10,"P01","NF","sample",50,30,6.82,0.16,0.08,30,"High","sunny","Valid",37047,0.971954544227603,4310,31698,0.119695623194846,0.947033239132038,47.7269208211143,1328.30693682534
"S012","RMR-103-S092","Ogura-COI-NF-P1-8_23","RMR-103","S012","Ogura","coi","U702","GTAGGAAC","D504","GGCTCTGA","OguraRice-eDNA-2017","COIstd50copies","2017-08-23","9:30",13,"P01","NF","sample",100,30,7.17,0.16,0.06,30.8,"Med","sunny/cloudy","Valid",64879,0.966599361889055,2444,60268,0.038971807628524,0.908467239775133,27.4205278592375,2197.91538329912
"S013","RMR-103-S093","Ogura-COI-NF-P1-8_30","RMR-103","S013","Ogura","coi","U702","GTAGGAAC","D505","AGGCGAAG","OguraRice-eDNA-2017","COIstd50copies","2017-08-30","9:40",14,"P01","NF","sample",100,30,6.94,0.14,0.07,26.5,"High","sunny/cloudy","Valid",60636,0.97926974074807,3188,56191,0.0536890146348036,0.909824461068907,34.3845161290322,1634.19487391171
"S014","RMR-103-S094","Ogura-COI-NF-P2-5_19","RMR-103","S014","Ogura","coi","U702","GTAGGAAC","D506","TAATCTTA","OguraRice-eDNA-2017","COIstd50copies","2017-05-19","15:00",0,"P02","NF","sample",30,30,6.38,0.18,0.09,29.3,"Med","From west point","Valid",25203,0.979486569059239,11553,13133,0.46799805557806,0.938391742225626,125.071202346041,350.013958813215
"S015","RMR-103-S095","Ogura-COI-NF-P2-5_31","RMR-103","S015","Ogura","coi","U702","GTAGGAAC","D507","CAGGACGT","OguraRice-eDNA-2017","COIstd50copies","2017-05-31","9:10",1,"P02","NF","sample",100,30,6.24,0.2,0.1,28.2,"Med","","Valid",66371,0.976480691868437,4758,60052,0.0734145965128838,0.938416454036447,52.8703812316715,1135.83444266951
"S016","RMR-103-S096","Ogura-COI-NF-P2-6_7","RMR-103","S016","Ogura","coi","U702","GTAGGAAC","D508","GTACTGAC","OguraRice-eDNA-2017","COIstd50copies","2017-06-07","9:35",2,"P02","NF","sample",50,30,7.15,0.17,0.09,21.4,"Med","rain","Valid",47731,0.972638327292535,1179,45246,0.0253957996768982,0.973762038615694,13.2776539589443,6815.36062619265
"S017","RMR-103-S097","Ogura-COI-NF-P2-6_14","RMR-103","S017","Ogura","coi","U703","GTACCATG","D501","TATAGCCT","OguraRice-eDNA-2017","COIstd50copies","2017-06-14","9:20",3,"P02","NF","sample",40,30,6.56,0.21,0.11,28.6,"Med","sunny","Valid",57850,0.976162489196197,220,56251,0.00389580492642241,0.936687858659345,2.38076246334311,59068.2616032715
"S018","RMR-103-S098","Ogura-COI-NF-P2-6_21","RMR-103","S018","Ogura","coi","U703","GTACCATG","D502","ATAGAGGC","OguraRice-eDNA-2017","COIstd50copies","2017-06-21","9:54",4,"P02","NF","sample",100,30,7.89,0.07,0.03,21,"High","heavy rain","Valid",56964,0.980443789059757,6633,49217,0.11876454789615,0.881830419189839,70.550146627566,697.617260242084
"S019","RMR-103-S099","Ogura-COI-NF-P2-6_28","RMR-103","S019","Ogura","coi","U703","GTACCATG","D503","CCTATCCT","OguraRice-eDNA-2017","COIstd50copies","2017-06-28","9:43",5,"P02","NF","sample",50,30,7.02,0.14,0.07,25.4,"High","rain","Valid",49842,0.983949279723928,5410,43632,0.110313608743526,0.943322116751275,59.9985923753666,1454.43412162162
"S020","RMR-103-S100","Ogura-COI-NF-P2-7_5","RMR-103","S020","Ogura","coi","U703","GTACCATG","D504","GGCTCTGA","OguraRice-eDNA-2017","COIstd50copies","2017-07-05","9:34",6,"P02","NF","sample",50,30,7.01,0.07,0.03,27.3,"High","rain","Valid",44859,0.986535589290889,4870,39385,0.110044062817761,0.925055842631037,52.0727272727273,1512.69203910615
"S021","RMR-103-S101","Ogura-COI-NF-P2-7_12","RMR-103","S021","Ogura","coi","U703","GTACCATG","D505","AGGCGAAG","OguraRice-eDNA-2017","COIstd50copies","2017-07-12","9:29",7,"P02","NF","sample",50,30,6.74,0.1,0.05,32.3,"Med","cloudy","Valid",37882,0.982419090861095,4907,32309,0.131851891659501,0.949157109086542,50.164926686217,1288.11112202331
"S022","RMR-103-S102","Ogura-COI-NF-P2-7_19","RMR-103","S022","Ogura","coi","U703","GTACCATG","D506","TAATCTTA","OguraRice-eDNA-2017","COIstd50copies","2017-07-19","9:31",8,"P02","NF","sample",50,30,7.22,0.08,0.04,32.8,"Low (1 cm)","sunny","Valid",58523,0.98359619294978,5434,52129,0.0944009172558762,0.94067129869614,59.52,1751.64650537635
"S023","RMR-103-S103","Ogura-COI-NF-P2-7_26","RMR-103","S023","Ogura","coi","U703","GTACCATG","D507","CAGGACGT","OguraRice-eDNA-2017","COIstd50copies","2017-07-26","9:24",9,"P02","NF","sample",50,30,7.18,0.12,0.06,29.3,"High","cloudy","Valid",35027,0.974162788705855,2356,31766,0.0690463630502315,0.968379505654073,24.4297947214076,2600.59491798872
"S024","RMR-103-S104","Ogura-COI-NF-P2-8_2","RMR-103","S024","Ogura","coi","U703","GTACCATG","D508","GTACTGAC","OguraRice-eDNA-2017","COIstd50copies","2017-08-02","9:26",10,"P02","NF","sample",50,30,6.83,0.15,0.08,30.6,"High","sunny","Valid",24734,0.975903614457831,12568,11570,0.52067279807772,0.903038172875615,133.664281524927,173.120296133
"S025","RMR-103-S105","Ogura-COI-NF-P2-8_23","RMR-103","S025","Ogura","coi","U704","AGTCCACA","D501","TATAGCCT","OguraRice-eDNA-2017","COIstd50copies","2017-08-23","9:30",13,"P02","NF","sample",100,30,7.19,0.11,0.05,31.2,"Low","sunny/cloudy","Valid",62644,0.96880786667518,5528,55162,0.0910858461031471,0.942232032256449,63.1272727272727,873.822004608296
"S026","RMR-103-S106","Ogura-COI-NF-P2-8_30","RMR-103","S026","Ogura","coi","U704","AGTCCACA","D502","ATAGAGGC","OguraRice-eDNA-2017","COIstd50copies","2017-08-30","9:40",14,"P02","NF","sample",100,30,6.95,0.14,0.07,26.3,"High","sunny/cloudy","Valid",47179,0.977447593208843,8340,37775,0.18085221728288,0.863583508032639,89.4019941348974,422.529725041724
"S027","RMR-103-S107","Ogura-COI-NF-P3-5_19","RMR-103","S027","Ogura","coi","U704","AGTCCACA","D503","CCTATCCT","OguraRice-eDNA-2017","COIstd50copies","2017-05-19","15:00",0,"P03","NF","sample",30,30,5.69,0.18,0.09,29.4,"Med","From west point","Valid",26623,0.983134883371521,13669,12505,0.52223580652556,0.92715388468459,152.678475073314,273.013817522853
"S028","RMR-103-S108","Ogura-COI-NF-P3-6_7","RMR-103","S028","Ogura","coi","U704","AGTCCACA","D504","GGCTCTGA","OguraRice-eDNA-2017","COIstd50copies","2017-06-07","9:35",2,"P03","NF","sample",50,30,6.69,0.25,0.12,21.1,"Med","rain","Valid",68453,0.982338246680204,1330,65914,0.0197787163166974,0.755988875080084,13.5244574780059,9747.3780530114
"S029","RMR-103-S109","Ogura-COI-NF-P3-6_14","RMR-103","S029","Ogura","coi","U704","AGTCCACA","D505","AGGCGAAG","OguraRice-eDNA-2017","COIstd50copies","2017-06-14","9:20",3,"P03","NF","sample",40,30,6.55,0.21,0.11,28.3,"Med","sunny","Valid",52100,0.980153550863724,597,50469,0.0116907531429914,0.953438867621461,6.26111436950147,20151.7641355665
"S030","RMR-103-S110","Ogura-COI-NF-P3-6_21","RMR-103","S030","Ogura","coi","U704","AGTCCACA","D506","TAATCTTA","OguraRice-eDNA-2017","COIstd50copies","2017-06-21","9:54",4,"P03","NF","sample",100,30,7.82,0.07,0.03,21.1,"High","heavy rain","Valid",54158,0.984434432586137,11569,41746,0.216993341461127,0.905304471783654,132.639530791789,314.732717695834
"S031","RMR-103-S111","Ogura-COI-NF-P3-6_28","RMR-103","S031","Ogura","coi","U704","AGTCCACA","D507","CAGGACGT","OguraRice-eDNA-2017","COIstd50copies","2017-06-28","9:43",5,"P03","NF","sample",50,30,6.98,0.14,0.07,25.5,"High","rain","Valid",51058,0.977515766383329,4908,45002,0.0983370066119014,0.783267201721143,48.8136070381232,1843.83014206893
"S032","RMR-103-S112","Ogura-COI-NF-P3-7_5","RMR-103","S032","Ogura","coi","U704","AGTCCACA","D508","GTACTGAC","OguraRice-eDNA-2017","COIstd50copies","2017-07-05","9:34",6,"P03","NF","sample",50,30,6.99,0.07,0.03,28,"High","rain","Valid",49949,0.978978558129292,2442,46457,0.0499396715679257,0.962106748694919,28.1609384164223,3299.3928904662
"S033","RMR-103-S113","Ogura-COI-NF-P3-7_12","RMR-103","S033","Ogura","coi","U705","TGCTACCT","D501","TATAGCCT","OguraRice-eDNA-2017","COIstd50copies","2017-07-12","9:29",7,"P03","NF","sample",50,30,6.75,0.11,0.05,32.9,"Med","cloudy","Valid",80550,0.983823711980137,4974,74273,0.062765782931846,0.966858589729122,56.3087390029325,2638.0629833011
"S034","RMR-103-S114","Ogura-COI-NF-P3-7_19","RMR-103","S034","Ogura","coi","U705","TGCTACCT","D502","ATAGAGGC","OguraRice-eDNA-2017","COIstd50copies","2017-07-19","9:31",8,"P03","NF","sample",50,30,7.23,0.06,0.03,34.4,"Low (1 cm)","sunny","Valid",56900,0.980615114235501,726,55071,0.0130114522286144,0.905299493439634,7.52140762463343,14643.8014660013
"S035","RMR-103-S115","Ogura-COI-NF-P3-7_26","RMR-103","S035","Ogura","coi","U705","TGCTACCT","D503","CCTATCCT","OguraRice-eDNA-2017","COIstd50copies","2017-07-26","9:24",9,"P03","NF","sample",50,30,7.18,0.12,0.06,29.5,"High","cloudy","Valid",78294,0.978670140751526,5146,71478,0.0671591146377114,0.980190858485893,57.7360703812317,2476.0258025193
"S036","RMR-103-S116","Ogura-COI-NF-P3-8_2","RMR-103","S036","Ogura","coi","U705","TGCTACCT","D504","GGCTCTGA","OguraRice-eDNA-2017","COIstd50copies","2017-08-02","9:26",10,"P03","NF","sample",50,30,6.85,0.15,0.08,32.1,"High","sunny","Valid",51409,0.979089264525667,8344,41990,0.165772638772996,0.934672561170211,98.8396480938416,849.659034806228
"S037","RMR-103-S117","Ogura-COI-NF-P3-8_23","RMR-103","S037","Ogura","coi","U705","TGCTACCT","D505","AGGCGAAG","OguraRice-eDNA-2017","COIstd50copies","2017-08-23","9:30",13,"P03","NF","sample",100,30,7.14,0.1,0.05,31.2,"Low","sunny/cloudy","Valid",39919,0.978456374157669,1239,37820,0.0317212422233032,0.928500028398631,13.5526099706745,2790.60639108152
"S038","RMR-103-S118","Ogura-COI-NF-P3-8_30","RMR-103","S038","Ogura","coi","U705","TGCTACCT","D506","TAATCTTA","OguraRice-eDNA-2017","COIstd50copies","2017-08-30","9:40",14,"P03","NF","sample",100,30,6.95,0.14,0.07,26.4,"High","sunny/cloudy","Valid",71776,0.975799710209541,15007,55032,0.214266337326347,0.879352842896306,154.704516129032,355.723293521055
"S039","RMR-103-S119","Ogura-COI-NF-P4-5_19","RMR-103","S039","Ogura","coi","U705","TGCTACCT","D507","CAGGACGT","OguraRice-eDNA-2017","COIstd50copies","2017-05-19","15:00",0,"P04","NF","sample",30,30,5.89,0.17,0.09,29.4,"Med","From west point","Valid",17024,0.981085526315789,4621,12081,0.276673452281164,0.966198771198754,48.2242815249267,835.05650528323
"S040","RMR-103-S120","Ogura-COI-NF-P4-6_7","RMR-103","S040","Ogura","coi","U705","TGCTACCT","D508","GTACTGAC","OguraRice-eDNA-2017","COIstd50copies","2017-06-07","9:35",2,"P04","NF","sample",50,30,6.49,0.2,0.1,20.7,"Low","rain","Valid",59261,0.983631730817907,7506,50785,0.128767734298605,0.884376427357999,76.9473313782991,1319.99379550472
"S041","RMR-103-S121","Ogura-COI-NF-P4-6_14","RMR-103","S041","Ogura","coi","U706","GTGTGTGT","D501","TATAGCCT","OguraRice-eDNA-2017","COIstd50copies","2017-06-14","9:20",3,"P04","NF","sample",40,30,6.53,0.23,0.12,28.6,"Med","sunny","Valid",46451,0.97612537943209,37,45305,0.000816020466675488,0.908712735573431,0.386627565982405,292949.882433253
"S042","RMR-103-S122","Ogura-COI-NF-P4-6_21","RMR-103","S042","Ogura","coi","U706","GTGTGTGT","D502","ATAGAGGC","OguraRice-eDNA-2017","COIstd50copies","2017-06-21","9:54",4,"P04","NF","sample",100,30,7.77,0.07,0.03,21.2,"High","heavy rain","Valid",48115,0.985784059025252,952,46479,0.0200712614113133,0.804361813829328,8.87178885630498,5238.96598000848
"S043","RMR-103-S123","Ogura-COI-NF-P4-6_28","RMR-103","S043","Ogura","coi","U706","GTGTGTGT","D503","CCTATCCT","OguraRice-eDNA-2017","COIstd50copies","2017-06-28","9:43",5,"P04","NF","sample",50,30,6.97,0.14,0.07,25.5,"High","rain","Valid",35915,0.98307114019212,456,34851,0.012915285920639,0.938491214540605,5.10123167155425,13663.7589679912
"S044","RMR-103-S124","Ogura-COI-NF-P4-7_5","RMR-103","S044","Ogura","coi","U706","GTGTGTGT","D504","GGCTCTGA","OguraRice-eDNA-2017","COIstd50copies","2017-07-05","9:34",6,"P04","NF","sample",50,30,7.04,0.07,0.03,28.7,"High","rain","Valid",42483,0.985429465904009,4045,37819,0.0966223963309765,0.859447424679696,41.6356598240469,1816.6638962766
"S045","RMR-103-S125","Ogura-COI-NF-P4-7_12","RMR-103","S045","Ogura","coi","U706","GTGTGTGT","D505","AGGCGAAG","OguraRice-eDNA-2017","COIstd50copies","2017-07-12","9:29",7,"P04","NF","sample",50,30,6.65,0.1,0.05,33.5,"Low","cloudy","Valid",33534,0.980944712828771,1181,31714,0.0359021127830977,0.875498121621273,12.3992961876833,5115.45163853773
"S046","RMR-103-S126","Ogura-COI-NF-P4-7_19","RMR-103","S046","Ogura","coi","U706","GTGTGTGT","D506","TAATCTTA","OguraRice-eDNA-2017","COIstd50copies","2017-07-19","9:31",8,"P04","NF","sample",50,30,7.24,0.07,0.03,31.4,"Low (1 cm)","sunny","Valid",45762,0.984157160963245,3233,41804,0.0717854208761685,0.897560688310596,35.226275659824,2373.45556502745
"S047","RMR-103-S127","Ogura-COI-NF-P4-7_26","RMR-103","S047","Ogura","coi","U706","GTGTGTGT","D507","CAGGACGT","OguraRice-eDNA-2017","COIstd50copies","2017-07-26","9:24",9,"P04","NF","sample",50,30,7.2,0.12,0.06,29.4,"Med","cloudy","Valid",33978,0.978250632762376,4770,28469,0.143506122326183,0.896191773248816,52.1215249266862,1092.40856018868
"S048","RMR-103-S128","Ogura-COI-NF-P4-8_2","RMR-103","S048","Ogura","coi","U706","GTGTGTGT","D508","GTACTGAC","OguraRice-eDNA-2017","COIstd50copies","2017-08-02","9:26",10,"P04","NF","sample",50,30,6.83,0.15,0.08,32.1,"Med","sunny","Valid",34060,0.984762184380505,3919,29622,0.116842073879729,0.826568954634583,39.5880351906158,1496.5127648983
"S049","RMR-103-S129","Ogura-COI-NF-P4-8_23","RMR-103","S049","Ogura","coi","U707","TCCTTGGT","D501","TATAGCCT","OguraRice-eDNA-2017","COIstd50copies","2017-08-23","10:40",13,"P04","NF","sample",100,30,7.25,0.11,0.05,30.6,"Low","sunny/cloudy","Valid",75204,0.983511515344928,8986,64978,0.121491536423125,0.940963826567494,104.389442815249,622.457580456669
"S050","RMR-103-S130","Ogura-COI-NF-P4-8_30","RMR-103","S050","Ogura","coi","U707","TCCTTGGT","D502","ATAGAGGC","OguraRice-eDNA-2017","COIstd50copies","2017-08-30","9:40",14,"P04","NF","sample",100,30,6.92,0.14,0.07,26.4,"High","sunny/cloudy","Valid",68140,0.971514528911065,11804,54395,0.178310850617079,0.831465528776525,124.637653958944,436.42509524383
"S051","RMR-103-S131","Ogura-COI-NF-P5-5_19","RMR-103","S051","Ogura","coi","U707","TCCTTGGT","D503","CCTATCCT","OguraRice-eDNA-2017","COIstd50copies","2017-05-19","15:00",0,"P05","NF","sample",30,30,5.76,0.18,0.09,28.2,"Med","From west point","Valid",75207,0.964830401425399,7000,65562,0.0964692263168049,0.966740227782893,77.1519061583578,2832.59365687524
"S052","RMR-103-S132","Ogura-COI-NF-P5-6_7","RMR-103","S052","Ogura","coi","U707","TCCTTGGT","D504","GGCTCTGA","OguraRice-eDNA-2017","COIstd50copies","2017-06-07","9:35",2,"P05","NF","sample",50,30,6.24,0.19,0.09,20.5,"Low","rain","Valid",42353,0.972965315325951,576,40632,0.0139778683750728,0.951319844801207,5.9758357771261,13598.7672738693
"S053","RMR-103-S133","Ogura-COI-NF-P5-6_14","RMR-103","S053","Ogura","coi","U707","TCCTTGGT","D505","AGGCGAAG","OguraRice-eDNA-2017","COIstd50copies","2017-06-14","9:20",3,"P05","NF","sample",40,30,6.57,0.21,0.11,28.6,"Med","sunny","Valid",64062,0.975242733601823,111,62365,0.00177668224598246,0.968695692728424,1.13923753665689,136856.884524299
"S054","RMR-103-S134","Ogura-COI-NF-P5-6_21","RMR-103","S054","Ogura","coi","U707","TCCTTGGT","D506","TAATCTTA","OguraRice-eDNA-2017","COIstd50copies","2017-06-21","9:54",4,"P05","NF","sample",100,30,7.74,0.07,0.03,21.1,"High","heavy rain","Valid",59380,0.983277197709667,9143,49244,0.156593077226095,0.93669353386996,100.113079178886,491.883781858401
"S055","RMR-103-S135","Ogura-COI-NF-P5-6_28","RMR-103","S055","Ogura","coi","U707","TCCTTGGT","D507","CAGGACGT","OguraRice-eDNA-2017","COIstd50copies","2017-06-28","9:43",5,"P05","NF","sample",50,30,6.97,0.14,0.07,25.5,"High","rain","Valid",45010,0.977205065540991,3599,40385,0.0818252091669698,0.768436534139906,34.3451026392962,2351.71811388289
"S056","RMR-103-S136","Ogura-COI-NF-P5-7_5","RMR-103","S056","Ogura","coi","U707","TCCTTGGT","D508","GTACTGAC","OguraRice-eDNA-2017","COIstd50copies","2017-07-05","9:34",6,"P05","NF","sample",50,30,7.02,0.08,0.04,27.6,"High","rain","Valid",50573,0.985782927649141,6325,43529,0.126870461748305,0.820818503782171,65.6975953079179,1325.13221514377
"S057","RMR-103-S137","Ogura-COI-NF-P5-7_12","RMR-103","S057","Ogura","coi","U708","CAGTGACT","D501","TATAGCCT","OguraRice-eDNA-2017","COIstd50copies","2017-07-12","9:29",7,"P05","NF","sample",50,30,6.71,0.08,0.04,32.6,"Low","cloudy","Valid",76988,0.982399854522783,5167,70466,0.0683167400473338,0.792829278032524,53.7271554252199,2623.10555778737
"S058","RMR-103-S138","Ogura-COI-NF-P5-7_19","RMR-103","S058","Ogura","coi","U708","CAGTGACT","D502","ATAGAGGC","OguraRice-eDNA-2017","COIstd50copies","2017-07-19","9:31",8,"P05","NF","sample",50,30,7.09,0.06,0.03,32.5,"Low (1 cm)","sunny","Valid",96134,0.984219942996234,10020,84597,0.105900630964837,0.809137705154714,98.9447507331379,1709.98459995448
"S059","RMR-103-S139","Ogura-COI-NF-P5-7_26","RMR-103","S059","Ogura","coi","U708","CAGTGACT","D503","CCTATCCT","OguraRice-eDNA-2017","COIstd50copies","2017-07-26","9:24",9,"P05","NF","sample",50,30,7.17,0.12,0.06,29.9,"Med","cloudy","Valid",64776,0.979143509941954,5993,57432,0.0944895545920378,0.972040977205454,64.4373020527859,1782.56997640754
"S060","RMR-103-S140","Ogura-COI-NF-P5-8_2","RMR-103","S060","Ogura","coi","U708","CAGTGACT","D504","GGCTCTGA","OguraRice-eDNA-2017","COIstd50copies","2017-08-02","9:26",10,"P05","NF","sample",50,30,6.83,0.15,0.08,32.1,"Med","sunny","Valid",59165,0.981120594946337,6017,52031,0.10365559536935,0.960034186806798,67.6025806451613,1539.31993434112
"S061","RMR-103-S141","Ogura-COI-NF-P5-8_23","RMR-103","S061","Ogura","coi","U708","CAGTGACT","D505","AGGCGAAG","OguraRice-eDNA-2017","COIstd50copies","2017-08-23","10:40",13,"P05","NF","sample",100,30,7.27,0.17,0.08,30.8,"Low","sunny/cloudy","Valid",61897,0.986009014976493,520,60511,0.00852026019563828,0.957563720876996,5.43343108504399,11136.7935017271
"S062","RMR-103-S142","Ogura-COI-NF-P5-8_30","RMR-103","S062","Ogura","coi","U708","CAGTGACT","D506","TAATCTTA","OguraRice-eDNA-2017","COIstd50copies","2017-08-30","9:40",14,"P05","NF","sample",100,30,6.91,0.14,0.07,26.3,"High","sunny/cloudy","Valid",44250,0.970350282485876,18349,24589,0.4273370906889,0.974278379479084,196.68926686217,125.014447368044
"S063","RMR-103-S143","Ogura-COI-NC-5_19","RMR-103","S063","Ogura","coi","U708","CAGTGACT","D507","CAGGACGT","OguraRice-eDNA-2017","COIstd50copies","2017-05-19","15:00",0,NA,"NC","field_nc",30,30,NA,NA,NA,NA,NA,"","Valid",59946,0.979614986821473,46529,12195,0.792333628499421,0.904899183458433,492.328914956012,82.5667531707577
"S064","RMR-103-S144","Ogura-COI-NC-5_31","RMR-103","S064","Ogura","coi","U708","CAGTGACT","D508","GTACTGAC","OguraRice-eDNA-2017","COIstd50copies","2017-05-31","9:10",1,NA,"NC","field_nc",100,30,NA,NA,NA,NA,NA,"","Valid",51262,0.957531894970934,48816,269,0.994519710705918,0.984612380981398,528.443870967742,0.509041763522357
"S065","RMR-103-S145","Ogura-COI-NC-6_7","RMR-103","S065","Ogura","coi","U709","CCGGATAT","D501","TATAGCCT","OguraRice-eDNA-2017","COIstd50copies","2017-06-07","9:25",2,NA,"NC","field_nc",100,30,NA,NA,NA,NA,NA,"rain","Valid",65927,0.979431795774114,64214,357,0.994471202242493,0.897409680252822,668.855366568915,0.533747679758232
"S066","RMR-103-S146","Ogura-COI-NC-6_14","RMR-103","S066","Ogura","coi","U709","CCGGATAT","D502","ATAGAGGC","OguraRice-eDNA-2017","COIstd50copies","2017-06-14","9:10",3,NA,"NC","field_nc",100,30,NA,NA,NA,NA,NA,"sunny","Valid",57002,0.982597101856075,55488,522,0.990680235672201,0.938996886185046,649.581231671554,0.803594646133397
"S067","RMR-103-S147","Ogura-COI-NC-6_21","RMR-103","S067","Ogura","coi","U709","CCGGATAT","D503","CCTATCCT","OguraRice-eDNA-2017","COIstd50copies","2017-06-21","9:54",4,NA,"NC","field_nc",100,30,NA,NA,NA,NA,NA,"heavy rain","Valid",49817,0.972439127205572,41454,6990,0.855709685409958,0.948666240409343,502.716246334311,13.9044641007117
"S068","RMR-103-S148","Ogura-COI-NC-6_28","RMR-103","S068","Ogura","coi","U709","CCGGATAT","D504","GGCTCTGA","OguraRice-eDNA-2017","COIstd50copies","2017-06-28","9:43",5,NA,"NC","field_nc",50,30,NA,NA,NA,NA,NA,"rain","Valid",21775,0.981768082663605,21012,366,0.982879595846197,0.937550499281464,238.201994134897,3.07302213257483
"S069","RMR-103-S149","Ogura-COI-NC-7_5","RMR-103","S069","Ogura","coi","U709","CCGGATAT","D505","AGGCGAAG","OguraRice-eDNA-2017","COIstd50copies","2017-07-05","9:34",6,NA,"NC","field_nc",50,30,NA,NA,NA,NA,NA,"rain","Valid",25384,0.954617081626221,24225,7,0.999711125784087,0.944770881916152,289.574662756598,0.048346771318759
"S070","RMR-103-S150","Ogura-COI-NC-7_12","RMR-103","S070","Ogura","coi","U709","CCGGATAT","D506","TAATCTTA","OguraRice-eDNA-2017","COIstd50copies","2017-07-12","9:29",7,NA,"NC","field_nc",50,30,NA,NA,NA,NA,NA,"cloudy","Valid",51967,0.978621047972752,50843,13,0.999744376278119,0.953438315902036,539.306979472141,0.0482100195058631
"S071","RMR-103-S151","Ogura-COI-NC-7_19","RMR-103","S071","Ogura","coi","U709","CCGGATAT","D507","CAGGACGT","OguraRice-eDNA-2017","COIstd50copies","2017-07-19","9:31",8,NA,"NC","field_nc",50,30,NA,NA,NA,NA,NA,"sunny","Valid",54044,0.981755606542817,53055,3,0.999943458102454,0.930072652075302,577.896539589443,0.0103824812729673
"S072","RMR-103-S152","Ogura-COI-NC-7_26","RMR-103","S072","Ogura","coi","U709","CCGGATAT","D508","GTACTGAC","OguraRice-eDNA-2017","COIstd50copies","2017-07-26","9:24",9,NA,"NC","field_nc",50,30,NA,NA,NA,NA,NA,"cloudy","Valid",68412,0.954379348652283,65224,67,0.998973824876323,0.966681127256397,729.701348973607,0.183636771657999
"S073","RMR-103-S153","Ogura-COI-NC-8_2","RMR-103","S073","Ogura","coi","U710","TTGCGGAT","D501","TATAGCCT","OguraRice-eDNA-2017","COIstd50copies","2017-08-02","9:26",10,NA,"NC","field_nc",50,30,NA,NA,NA,NA,NA,"sunny","Valid",66006,0.976805138926764,63802,673,0.989561845676619,0.949736686425679,675.017008797654,1.99402382822546
"S074","RMR-103-S154","Ogura-COI-NC-8_9","RMR-103","S074","Ogura","coi","U710","TTGCGGAT","D502","ATAGAGGC","OguraRice-eDNA-2017","COIstd50copies","2017-08-09","9:00",11,NA,"NC","field_nc",50,30,NA,NA,NA,NA,NA,"Sampling = Shiojiri-san","Valid",34927,0.967761330775618,32245,1556,0.953965858998254,0.922699042340668,347.892551319648,8.9452906887352
"S075","RMR-103-S155","Ogura-COI-NC-8_16","RMR-103","S075","Ogura","coi","U710","TTGCGGAT","D503","CCTATCCT","OguraRice-eDNA-2017","COIstd50copies","2017-08-16","8:30",12,NA,"NC","field_nc",50,30,NA,NA,NA,NA,NA,"Sampling = Sugiyama-san","Valid",42024,0.960094231867504,38742,1605,0.960220090713064,0.77469162261464,384.236480938416,8.35423016617335
"S076","RMR-103-S156","Ogura-COI-NC-8_23","RMR-103","S076","Ogura","coi","U710","TTGCGGAT","D504","GGCTCTGA","OguraRice-eDNA-2017","COIstd50copies","2017-08-23","9:30",13,NA,"NC","field_nc",100,30,NA,NA,NA,NA,NA,"sunny/cloudy","Valid",31861,0.959794105646402,29126,1454,0.952452583387835,0.993510674156793,307.184985337243,4.73330426096093
"S077","RMR-103-S157","Ogura-COI-NC-8_30","RMR-103","S077","Ogura","coi","U710","TTGCGGAT","D505","AGGCGAAG","OguraRice-eDNA-2017","COIstd50copies","2017-08-30","9:40",14,NA,"NC","field_nc",100,30,NA,NA,NA,NA,NA,"sunny/cloudy","Valid",54121,0.95833410321317,51028,838,0.983842979986889,0.910010939158105,548.592609970675,1.52754518520546
"S078","RMR-103-S158","Ogura-COI-STDNC1","RMR-103","S078","Ogura","coi","U710","TTGCGGAT","D506","TAATCTTA","OguraRice-eDNA-2017","COIstd50copies",NA,NA,NA,NA,"NC","std_nc",NA,NA,NA,NA,NA,NA,NA,NA,"Valid",51572,0.960191576824634,47627,1892,0.96179244330459,0.780009320829083,505.812082111437,374.051958605285
"S079","RMR-103-S159","Ogura-COI-PCRNC1","RMR-103","S079","Ogura","coi","U710","TTGCGGAT","D507","CAGGACGT","OguraRice-eDNA-2017","COIstd50copies",NA,NA,NA,NA,"NC","pcr_nc",NA,NA,NA,NA,NA,NA,NA,NA,"PCR_NC",1512,0.98478835978836,47,1442,0.0315648085963734,NA,NA,0
"S080","RMR-103-S160","Ogura-COI-PCRNC2","RMR-103","S080","Ogura","coi","U710","TTGCGGAT","D508","GTACTGAC","OguraRice-eDNA-2017","COIstd50copies",NA,NA,NA,NA,"NC","pcr_nc",NA,NA,NA,NA,NA,NA,NA,NA,"PCR_NC",1295,0.952123552123552,22,1211,0.0178426601784266,NA,NA,0
"S081","RMR-103-S161","Ogura-COI-STDNC2","RMR-103","S081","Ogura","coi","U711","GCATGCAT","D501","TATAGCCT","OguraRice-eDNA-2017","COIstd50copies",NA,NA,NA,NA,"NC","std_nc",NA,NA,NA,NA,NA,NA,NA,NA,"Valid",136220,0.967728674203494,131818,6,0.999954484767569,0.901737434939273,1356.61231671554,0.442278160537893
"S082","RMR-103-S162","Ogura-COI-STDNC3","RMR-103","S082","Ogura","coi","U711","GCATGCAT","D502","ATAGAGGC","OguraRice-eDNA-2017","COIstd50copies",NA,NA,NA,NA,"NC","std_nc",NA,NA,NA,NA,NA,NA,NA,NA,"Valid",53652,0.966897785730262,51872,4,0.999922893052664,0.975976878634706,546.623812316716,0.731764681645883
"S083","RMR-103-S163","Ogura-COI-STDNC4","RMR-103","S083","Ogura","coi","U711","GCATGCAT","D503","CCTATCCT","OguraRice-eDNA-2017","COIstd50copies",NA,NA,NA,NA,"NC","std_nc",NA,NA,NA,NA,NA,NA,NA,NA,"Valid",16542,0.981259823479628,15956,276,0.982996550024643,0.826764064790884,142.716246334311,193.390736576321
"S084","RMR-103-S164","Ogura-COI-STDNC5","RMR-103","S084","Ogura","coi","U711","GCATGCAT","D504","GGCTCTGA","OguraRice-eDNA-2017","COIstd50copies",NA,NA,NA,NA,"NC","std_nc",NA,NA,NA,NA,NA,NA,NA,NA,"Valid",33580,0.973138773079214,32673,5,0.999846991859967,0.899234266519005,368.596832844575,1.35649564903026
"S085","RMR-103-S165","Ogura-COI-STDNC6","RMR-103","S085","Ogura","coi","U711","GCATGCAT","D505","AGGCGAAG","OguraRice-eDNA-2017","COIstd50copies",NA,NA,NA,NA,"NC","std_nc",NA,NA,NA,NA,NA,NA,NA,NA,"Valid",47569,0.975025752065421,46315,66,0.99857700351437,0.869505288980239,478.004926686217,13.8073890697209
"S086","RMR-103-S166","Ogura-COI-STDNC7","RMR-103","S086","Ogura","coi","U711","GCATGCAT","D506","TAATCTTA","OguraRice-eDNA-2017","COIstd50copies",NA,NA,NA,NA,"NC","std_nc",NA,NA,NA,NA,NA,NA,NA,NA,"Valid",49357,0.957736491277833,47269,2,0.999957690761778,0.652829983552207,457.388856304985,0.437264697735968
"S087","RMR-103-S167","Ogura-COI-STDNC8","RMR-103","S087","Ogura","coi","U711","GCATGCAT","D507","CAGGACGT","OguraRice-eDNA-2017","COIstd50copies",NA,NA,NA,NA,"NC","std_nc",NA,NA,NA,NA,NA,NA,NA,NA,"Valid",31365,0.982113821138211,30786,18,0.999415660303857,0.76882272470194,306.379824046921,5.87506049263981
"S088","RMR-103-S168","Ogura-COI-STDNC9","RMR-103","S088","Ogura","coi","U711","GCATGCAT","D508","GTACTGAC","OguraRice-eDNA-2017","COIstd50copies",NA,NA,NA,NA,"NC","std_nc",NA,NA,NA,NA,NA,NA,NA,NA,"Valid",20777,0.967704673436974,20105,1,0.999950263602905,0.907022635315668,211.214076246334,0.473453293346662
"S089","RMR-103-S169","Ogura-COI-Conventional-P1-5_31","RMR-103","S089","Ogura","coi","U713","CTAGGTTG","D501","TATAGCCT","OguraRice-eDNA-2017","COIstd50copies","2017-05-31","9:10",1,"P06","CN","sample",100,30,9.26,0.33,0.16,27.5,"Med","","Valid",37041,0.97389379336411,1528,34546,0.0423573765038532,0.903640125985854,16.9346627565982,2039.9579546714
"S090","RMR-103-S170","Ogura-COI-Conventional-P1-6_7","RMR-103","S090","Ogura","coi","U713","CTAGGTTG","D502","ATAGAGGC","OguraRice-eDNA-2017","COIstd50copies","2017-06-07","9:25",2,"P06","CN","sample",50,30,7.77,0.31,0.15,20.7,"Med","rain","Valid",50498,0.968275971325597,327,48569,0.00668766361256545,0.847419972434184,3.47026392961877,27991.5308950782
"S091","RMR-103-S171","Ogura-COI-Conventional-P1-6_14","RMR-103","S091","Ogura","coi","U713","CTAGGTTG","D503","CCTATCCT","OguraRice-eDNA-2017","COIstd50copies","2017-06-14","9:10",3,"P06","CN","sample",40,30,7.71,0.41,0.22,25.5,"Med","sunny","Valid",79306,0.971591052379391,4502,72551,0.0584273162628321,0.825134025129338,48.2026979472141,3762.80805274891
"S092","RMR-103-S172","Ogura-COI-Conventional-P1-6_21","RMR-103","S092","Ogura","coi","U713","CTAGGTTG","D504","GGCTCTGA","OguraRice-eDNA-2017","COIstd50copies","2017-06-21","9:54",4,"P06","CN","sample",100,30,8.08,0.08,0.04,20.6,"High","heavy rain","Valid",60990,0.968748975241843,1847,57237,0.0312605781599079,0.949018297717006,21.5009970674487,2662.06259274614
"S093","RMR-103-S173","Ogura-COI-Conventional-P1-6_28","RMR-103","S093","Ogura","coi","U713","CTAGGTTG","D505","AGGCGAAG","OguraRice-eDNA-2017","COIstd50copies","2017-06-28","9:43",5,"P06","CN","sample",50,30,7.09,0.21,0.1,25,"High","rain","Valid",33369,0.975636069405736,262,32294,0.00804767170414056,0.867072018431033,2.66885630498534,24200.6285161741
"S094","RMR-103-S174","Ogura-COI-Conventional-P1-7_5","RMR-103","S094","Ogura","coi","U713","CTAGGTTG","D506","TAATCTTA","OguraRice-eDNA-2017","COIstd50copies","2017-07-05","9:34",6,"P06","CN","sample",50,30,7.04,0.16,0.08,26,"High","rain","Valid",77051,0.977677122944543,1485,73846,0.0197129999601758,0.906580797426407,15.1066275659824,9776.6360728041
"S095","RMR-103-S175","Ogura-COI-Conventional-P1-7_12","RMR-103","S095","Ogura","coi","U713","CTAGGTTG","D507","CAGGACGT","OguraRice-eDNA-2017","COIstd50copies","2017-07-12","9:29",7,"P06","CN","sample",50,30,6.9,0.21,0.11,31.1,"Med","cloudy","Valid",41157,0.976431712709867,567,39620,0.0141090402368925,0.90761850313644,6.35683284457478,12465.3269855329
"S096","RMR-103-S176","Ogura-COI-Conventional-P1-7_19","RMR-103","S096","Ogura","coi","U713","CTAGGTTG","D508","GTACTGAC","OguraRice-eDNA-2017","COIstd50copies","2017-07-19","9:31",8,"P06","CN","sample",50,30,7.07,0.24,0.12,29.4,"Med","sunny","Valid",24604,0.976345309705739,53,23969,0.00220631088169178,0.987509875600905,0.570557184750733,84019.6237664474
"S097","RMR-103-S177","Ogura-COI-Conventional-P1-8_9","RMR-103","S097","Ogura","coi","U714","GACTTGTG","D501","TATAGCCT","OguraRice-eDNA-2017","COIstd50copies","2017-08-09","9:00",11,"P06","CN","sample",50,30,7.29,0.09,0.04,25.7,"NoInfo","Sampling = Shiojiri-san","Valid",46709,0.971718512492239,2840,42548,0.0625716048294703,0.9169594466743,30.3840469208211,2800.68024584594
"S098","RMR-103-S178","Ogura-COI-Conventional-P1-8_16","RMR-103","S098","Ogura","coi","U714","GACTTGTG","D502","ATAGAGGC","OguraRice-eDNA-2017","COIstd50copies","2017-08-16","8:30",12,"P06","CN","sample",50,30,7.26,0.18,0.09,25.3,"NoInfo","Sampling = Sugiyama-san","Valid",75401,0.967361175581226,3026,69914,0.0414861530024678,0.85199702922455,33.2687390029325,4202.9846694122
"S099","RMR-103-S179","Ogura-COI-Conventional-P1-8_23","RMR-103","S099","Ogura","coi","U714","GACTTGTG","D503","CCTATCCT","OguraRice-eDNA-2017","COIstd50copies","2017-08-23","9:30",13,"P06","CN","sample",100,30,7.35,0.19,0.09,28.9,"Med","sunny/cloudy","Valid",46267,0.955648734519204,3804,40411,0.0860341513061178,0.926970577220991,42.465219941349,951.62582593035
"S100","RMR-103-S180","Ogura-COI-Conventional-P2-5_31","RMR-103","S100","Ogura","coi","U714","GACTTGTG","D504","GGCTCTGA","OguraRice-eDNA-2017","COIstd50copies","2017-05-31","9:10",1,"P07","CN","sample",100,30,9.34,0.34,0.17,27.7,"Med","","Valid",41424,0.981556585554268,868,39792,0.021347761928185,0.926172806712682,8.56961876832844,4643.38042049937
"S101","RMR-103-S181","Ogura-COI-Conventional-P2-6_7","RMR-103","S101","Ogura","coi","U714","GACTTGTG","D505","AGGCGAAG","OguraRice-eDNA-2017","COIstd50copies","2017-06-07","9:25",2,"P07","CN","sample",50,30,7.7,0.3,0.15,20.9,"Med","rain","Valid",66426,0.98405744738506,3692,61675,0.0564810990255022,0.923610103335409,40.8051612903226,3022.90190994182
"S102","RMR-103-S182","Ogura-COI-Conventional-P2-6_14","RMR-103","S102","Ogura","coi","U714","GACTTGTG","D506","TAATCTTA","OguraRice-eDNA-2017","COIstd50copies","2017-06-14","9:10",3,"P07","CN","sample",40,30,7.68,0.42,0.22,26.2,"Med","sunny","Valid",73436,0.98044555803693,3257,68743,0.0452361111111111,0.922704102416803,36.9867448680352,4646.46187744206
"S103","RMR-103-S183","Ogura-COI-Conventional-P2-6_21","RMR-103","S103","Ogura","coi","U714","GACTTGTG","D507","CAGGACGT","OguraRice-eDNA-2017","COIstd50copies","2017-06-21","9:54",4,"P07","CN","sample",100,30,7.91,0.13,0.06,20.8,"High","heavy rain","Valid",58253,0.976344565945102,600,56275,0.0105494505494505,0.980585013117185,6.87483870967742,8185.64658408408
"S104","RMR-103-S184","Ogura-COI-Conventional-P2-6_28","RMR-103","S104","Ogura","coi","U714","GACTTGTG","D508","GTACTGAC","OguraRice-eDNA-2017","COIstd50copies","2017-06-28","9:43",5,"P07","CN","sample",50,30,7.06,0.21,0.1,25,"High","rain","Valid",46807,0.97801610870169,1532,44246,0.0334658569618594,0.818939914715679,15.9343108504399,5553.55050058896
"S105","RMR-103-S185","Ogura-COI-Conventional-P2-7_5","RMR-103","S105","Ogura","coi","U715","CACTAGTG","D501","TATAGCCT","OguraRice-eDNA-2017","COIstd50copies","2017-07-05","9:34",6,"P07","CN","sample",50,30,7.01,0.17,0.09,26.1,"High","rain","Valid",34351,0.982358592180723,531,33214,0.0157356645428952,0.87882158285162,5.77782991202346,11497.0501055709
"S106","RMR-103-S186","Ogura-COI-Conventional-P2-7_12","RMR-103","S106","Ogura","coi","U715","CACTAGTG","D502","ATAGAGGC","OguraRice-eDNA-2017","COIstd50copies","2017-07-12","9:29",7,"P07","CN","sample",50,30,6.88,0.21,0.11,31,"Med","cloudy","Valid",51651,0.976418655979555,207,50226,0.0041044554160966,0.824139975655811,2.25219941348974,44601.7343750001
"S107","RMR-103-S187","Ogura-COI-Conventional-P2-7_19","RMR-103","S107","Ogura","coi","U715","CACTAGTG","D503","CCTATCCT","OguraRice-eDNA-2017","COIstd50copies","2017-07-19","9:31",8,"P07","CN","sample",50,30,7.03,0.24,0.12,29.2,"Med","sunny","Valid",41529,0.984059332033037,255,40612,0.00623975334622067,0.875276748515082,2.75706744868035,29460.2876106196
"S108","RMR-103-S188","Ogura-COI-Conventional-P2-8_9","RMR-103","S108","Ogura","coi","U715","CACTAGTG","D504","GGCTCTGA","OguraRice-eDNA-2017","COIstd50copies","2017-08-09","9:00",11,"P07","CN","sample",50,30,7.35,0.09,0.04,25.6,"NoInfo","Sampling = Shiojiri-san","Valid",64442,0.977995717078924,2540,60484,0.0403021071337903,0.859228411461041,24.8060997067449,4876.54252099567
"S109","RMR-103-S189","Ogura-COI-Conventional-P2-8_16","RMR-103","S109","Ogura","coi","U715","CACTAGTG","D505","AGGCGAAG","OguraRice-eDNA-2017","COIstd50copies","2017-08-16","8:30",12,"P07","CN","sample",50,30,7.25,0.16,0.08,25.2,"NoInfo","Sampling = Sugiyama-san","Valid",63249,0.951303577922181,1321,58848,0.0219548272366169,0.934153644433885,15.298064516129,7693.52226720644
"S110","RMR-103-S190","Ogura-COI-Conventional-P2-8_23","RMR-103","S110","Ogura","coi","U715","CACTAGTG","D506","TAATCTTA","OguraRice-eDNA-2017","COIstd50copies","2017-08-23","9:30",13,"P07","CN","sample",100,30,7.34,0.17,0.08,28.1,"Med","sunny/cloudy","Valid",45064,0.972971773477721,66,43780,0.00150526843953838,0.835786406325402,0.731964809384164,59811.618589744
"S111","RMR-103-S191","Ogura-COI-Conventional-P3-5_31","RMR-103","S111","Ogura","coi","U715","CACTAGTG","D507","CAGGACGT","OguraRice-eDNA-2017","COIstd50copies","2017-05-31","9:10",1,"P08","CN","sample",100,30,9.38,0.39,0.2,27.8,"Med","","Valid",24853,0.977024906449926,88,24194,0.00362408368338687,0.960994878977546,0.987214076246334,24507.3490969581
"S112","RMR-103-S192","Ogura-COI-Conventional-P3-6_7","RMR-103","S112","Ogura","coi","U715","CACTAGTG","D508","GTACTGAC","OguraRice-eDNA-2017","COIstd50copies","2017-06-07","9:25",2,"P08","CN","sample",50,30,7.68,0.3,0.15,20.9,"Med","rain","Valid",60872,0.980845051912209,4159,55547,0.069657990821693,0.847832328039888,40.7554252199413,2725.87022219666
"S113","RMR-103-S193","Ogura-COI-Conventional-P3-6_14","RMR-103","S113","Ogura","coi","U716","CAGAAGTG","D501","TATAGCCT","OguraRice-eDNA-2017","COIstd50copies","2017-06-14","9:10",3,"P08","CN","sample",40,30,7.68,0.44,0.22,26.4,"Med","sunny","Valid",77222,0.973699204889798,891,74300,0.0118498224521552,0.946276828749295,10.4633431085044,17752.45235426
"S114","RMR-103-S194","Ogura-COI-Conventional-P3-6_21","RMR-103","S114","Ogura","coi","U716","CAGAAGTG","D502","ATAGAGGC","OguraRice-eDNA-2017","COIstd50copies","2017-06-21","9:54",4,"P08","CN","sample",100,30,7.92,0.12,0.06,20.8,"High","heavy rain","Valid",66761,0.974970416860143,513,64577,0.00788139499155016,0.955292195548229,5.9242228739003,10900.5014454302
"S115","RMR-103-S195","Ogura-COI-Conventional-P3-6_28","RMR-103","S115","Ogura","coi","U716","CAGAAGTG","D503","CCTATCCT","OguraRice-eDNA-2017","COIstd50copies","2017-06-28","9:43",5,"P08","CN","sample",50,30,7.06,0.21,0.1,25.1,"High","rain","Valid",54336,0.982994699646643,1504,51908,0.0281584662622632,0.957890475816697,17.218064516129,6029.48141486813
"S116","RMR-103-S196","Ogura-COI-Conventional-P3-7_5","RMR-103","S116","Ogura","coi","U716","CAGAAGTG","D504","GGCTCTGA","OguraRice-eDNA-2017","COIstd50copies","2017-07-05","9:34",6,"P08","CN","sample",50,30,6.96,0.19,0.1,26.3,"High","rain","Valid",60899,0.981576052151924,143,59634,0.00239222443414691,0.897282429155522,1.7041642228739,69986.2128303969
"S117","RMR-103-S197","Ogura-COI-Conventional-P3-7_12","RMR-103","S117","Ogura","coi","U716","CAGAAGTG","D505","AGGCGAAG","OguraRice-eDNA-2017","COIstd50copies","2017-07-12","9:29",7,"P08","CN","sample",50,30,6.95,0.21,0.11,31.9,"Low","cloudy","Valid",62325,0.985158443642198,114,61286,0.00185667752442997,0.80449349864883,1.18615835777126,103335.274920886
"S118","RMR-103-S198","Ogura-COI-Conventional-P3-7_19","RMR-103","S118","Ogura","coi","U716","CAGAAGTG","D506","TAATCTTA","OguraRice-eDNA-2017","COIstd50copies","2017-07-19","9:31",8,"P08","CN","sample",50,30,6.83,0.24,0.12,28.4,"Med","sunny","Valid",46152,0.983727682440631,90,45311,0.00198233519085483,0.933747348001137,0.995659824046921,91017.0299245984
"S119","RMR-103-S199","Ogura-COI-Conventional-P3-8_9","RMR-103","S119","Ogura","coi","U716","CAGAAGTG","D507","CAGGACGT","OguraRice-eDNA-2017","COIstd50copies","2017-08-09","9:00",11,"P08","CN","sample",50,30,7.31,0.09,0.05,25.7,"NoInfo","Sampling = Shiojiri-san","Valid",43464,0.944896926191791,105,40964,0.00255667291631157,0.895453715661152,1.1458064516129,71502.4774774762
"S120","RMR-103-S200","Ogura-COI-Conventional-P3-8_16","RMR-103","S120","Ogura","coi","U716","CAGAAGTG","D508","GTACTGAC","OguraRice-eDNA-2017","COIstd50copies","2017-08-16","8:30",12,"P08","CN","sample",50,30,7.28,0.16,0.08,25.2,"NoInfo","Sampling = Sugiyama-san","Valid",52011,0.963719213243352,416,49708,0.00829941744473705,0.952081139104127,3.89067448680352,25552.3818137962
"S121","RMR-103-S201","Ogura-COI-Conventional-P3-8_23","RMR-103","S121","Ogura","coi","U717","ACAGTCTG","D501","TATAGCCT","OguraRice-eDNA-2017","COIstd50copies","2017-08-23","9:30",13,"P08","CN","sample",100,30,7.36,0.17,0.08,28.7,"Med","sunny/cloudy","Valid",56023,0.949342234439427,1968,51217,0.0370029143555514,0.924954919411713,19.4993548387097,2626.59972207514
"S122","RMR-103-S202","Ogura-COI-Conventional-P4-5_31","RMR-103","S122","Ogura","coi","U717","ACAGTCTG","D502","ATAGAGGC","OguraRice-eDNA-2017","COIstd50copies","2017-05-31","9:10",1,"P09","CN","sample",100,30,9.34,0.43,0.22,27.9,"Med","","Valid",32318,0.975215050436289,571,30946,0.0181172065869213,0.885607355745704,5.82568914956012,5311.98956990987
"S123","RMR-103-S203","Ogura-COI-Conventional-P4-6_7","RMR-103","S123","Ogura","coi","U717","ACAGTCTG","D503","CCTATCCT","OguraRice-eDNA-2017","COIstd50copies","2017-06-07","9:25",2,"P09","CN","sample",50,30,7.64,0.3,0.15,20.9,"Med","rain","Valid",82227,0.979264718401498,1556,78966,0.0193239114776086,0.851790462921843,15.2107917888563,10382.8914491948
"S124","RMR-103-S204","Ogura-COI-Conventional-P4-6_14","RMR-103","S124","Ogura","coi","U717","ACAGTCTG","D504","GGCTCTGA","OguraRice-eDNA-2017","COIstd50copies","2017-06-14","9:10",3,"P09","CN","sample",40,30,7.75,0.45,0.22,26.9,"Med","sunny","Valid",81730,0.964089073779518,233,78562,0.00295704042134653,0.958757026327203,2.54967741935484,77031.3132591095
"S125","RMR-103-S205","Ogura-COI-Conventional-P4-6_21","RMR-103","S125","Ogura","coi","U717","ACAGTCTG","D505","AGGCGAAG","OguraRice-eDNA-2017","COIstd50copies","2017-06-21","9:54",4,"P09","CN","sample",100,30,7.94,0.12,0.06,20.7,"High","heavy rain","Valid",61591,0.972366092448572,68,59821,0.00113543388602247,0.937847692442591,0.717888563049853,83329.0890522881
"S126","RMR-103-S206","Ogura-COI-Conventional-P4-6_28","RMR-103","S126","Ogura","coi","U717","ACAGTCTG","D506","TAATCTTA","OguraRice-eDNA-2017","COIstd50copies","2017-06-28","9:43",5,"P09","CN","sample",50,30,7.04,0.21,0.1,25.2,"High","rain","Valid",57390,0.978985886042865,2003,54181,0.0356507190659262,0.953573205347914,21.8397653958944,4961.68333476565
"S127","RMR-103-S207","Ogura-COI-Conventional-P4-7_5","RMR-103","S127","Ogura","coi","U717","ACAGTCTG","D507","CAGGACGT","OguraRice-eDNA-2017","COIstd50copies","2017-07-05","9:34",6,"P09","CN","sample",50,30,6.93,0.18,0.09,26.3,"High","rain","Valid",69442,0.979421675642983,1187,66826,0.0174525458368253,0.99706713549553,12.561642228739,10639.691655461
"S128","RMR-103-S208","Ogura-COI-Conventional-P4-7_12","RMR-103","S128","Ogura","coi","U717","ACAGTCTG","D508","GTACTGAC","OguraRice-eDNA-2017","COIstd50copies","2017-07-12","9:29",7,"P09","CN","sample",50,30,6.99,0.26,0.11,31.1,"Med","cloudy","Valid",51048,0.982016925246826,1501,48629,0.0299421504089368,0.924315179392468,15.6330791788856,6221.29517077854
"S129","RMR-103-S209","Ogura-COI-Conventional-P4-7_19","RMR-103","S129","Ogura","coi","U718","GAGACACA","D501","TATAGCCT","OguraRice-eDNA-2017","COIstd50copies","2017-07-19","9:31",8,"P09","CN","sample",50,30,6.97,0.23,0.12,29.7,"Low (1 cm)","sunny","Valid",36447,0.980217850577551,1833,33893,0.0513071712478307,0.934415754965096,19.4768328445748,3480.33997831846
"S130","RMR-103-S210","Ogura-COI-Conventional-P4-8_9","RMR-103","S130","Ogura","coi","U718","GAGACACA","D502","ATAGAGGC","OguraRice-eDNA-2017","COIstd50copies","2017-08-09","9:00",11,"P09","CN","sample",50,30,7.29,0.09,0.05,25.6,"NoInfo","Sampling = Shiojiri-san","Valid",79097,0.979392391620415,1277,76190,0.0164844385351182,0.88603585594229,13.4991202346041,11288.1430309349
"S131","RMR-103-S211","Ogura-COI-Conventional-P4-8_16","RMR-103","S131","Ogura","coi","U718","GAGACACA","D503","CCTATCCT","OguraRice-eDNA-2017","COIstd50copies","2017-08-16","8:30",12,"P09","CN","sample",50,30,7.27,0.16,0.08,25.2,"NoInfo","Sampling = Sugiyama-san","Valid",87919,0.959690169360434,2774,81601,0.032877037037037,0.929413929226653,30.5173020527859,5347.85151445268
"S132","RMR-103-S212","Ogura-COI-Conventional-P4-8_23","RMR-103","S132","Ogura","coi","U718","GAGACACA","D504","GGCTCTGA","OguraRice-eDNA-2017","COIstd50copies","2017-08-23","9:30",13,"P09","CN","sample",100,30,7.38,0.17,0.09,28.8,"Med","sunny/cloudy","Valid",59954,0.957350635487207,1187,56210,0.0206805233723017,0.978237205702099,12.8966568914956,4358.49386960631
"S133","RMR-103-S213","Ogura-COI-Conventional-P5-5_31","RMR-103","S133","Ogura","coi","U718","GAGACACA","D505","AGGCGAAG","OguraRice-eDNA-2017","COIstd50copies","2017-05-31","9:10",1,"P10","CN","sample",100,30,9.11,0.48,0.24,27.5,"Med","","Valid",40895,0.966719647878714,1967,37567,0.0497546415743411,0.910254008809214,21.1781818181818,1773.8538804945
"S134","RMR-103-S214","Ogura-COI-Conventional-P5-6_7","RMR-103","S134","Ogura","coi","U718","GAGACACA","D506","TAATCTTA","OguraRice-eDNA-2017","COIstd50copies","2017-06-07","9:25",2,"P10","CN","sample",50,30,7.63,0.3,0.15,21,"Med","rain","Valid",83768,0.980004297583803,7096,74997,0.086438551399023,0.914539507671331,76.3870967741935,1963.60388513515
"S135","RMR-103-S215","Ogura-COI-Conventional-P5-6_14","RMR-103","S135","Ogura","coi","U718","GAGACACA","D507","CAGGACGT","OguraRice-eDNA-2017","COIstd50copies","2017-06-14","9:10",3,"P10","CN","sample",40,30,7.79,0.43,0.22,26.6,"Med","sunny","Valid",82323,0.981366082382809,1827,78962,0.0226144648405105,0.98170152844328,20.3401759530792,9705.17661476364
"S136","RMR-103-S216","Ogura-COI-Conventional-P5-6_21","RMR-103","S136","Ogura","coi","U718","GAGACACA","D508","GTACTGAC","OguraRice-eDNA-2017","COIstd50copies","2017-06-21","9:54",4,"P10","CN","sample",100,30,7.92,0.12,0.06,20.8,"High","heavy rain","Valid",60888,0.971455787675732,653,58497,0.011039729501268,0.93216412710086,7.4566568914956,7844.93652466646
"S137","RMR-103-S217","Ogura-COI-Conventional-P5-6_28","RMR-103","S137","Ogura","coi","U719","AACCGGAA","D501","TATAGCCT","OguraRice-eDNA-2017","COIstd50copies","2017-06-28","9:43",5,"P10","CN","sample",50,30,7.05,0.21,0.11,25.1,"High","rain","Valid",64113,0.974186202486235,1126,61332,0.0180281148932082,0.935528385053831,12.2510263929619,10012.5488318653
"S138","RMR-103-S218","Ogura-COI-Conventional-P5-7_5","RMR-103","S138","Ogura","coi","U719","AACCGGAA","D502","ATAGAGGC","OguraRice-eDNA-2017","COIstd50copies","2017-07-05","9:34",6,"P10","CN","sample",50,30,6.9,0.17,0.09,26.5,"High","rain","Valid",88002,0.977455057839595,1914,84104,0.0222511567346369,0.902758366952327,21.018651026393,8002.79712474329
"S139","RMR-103-S219","Ogura-COI-Conventional-P5-7_12","RMR-103","S139","Ogura","coi","U719","AACCGGAA","D503","CCTATCCT","OguraRice-eDNA-2017","COIstd50copies","2017-07-12","9:29",7,"P10","CN","sample",50,30,7,0.21,0.1,31.2,"Med","cloudy","Valid",68374,0.969842337730716,2608,63704,0.0393292315116419,0.93304519388023,28.0483284457478,4542.44538124396
"S140","RMR-103-S220","Ogura-COI-Conventional-P5-7_19","RMR-103","S140","Ogura","coi","U719","AACCGGAA","D504","GGCTCTGA","OguraRice-eDNA-2017","COIstd50copies","2017-07-19","9:31",8,"P10","CN","sample",50,30,6.9,0.23,0.11,29.6,"Low (1 cm)","sunny","Valid",28238,0.968977972944259,453,26909,0.016555807324026,0.963213756767764,4.65454545454546,11562.4609375
"S141","RMR-103-S221","Ogura-COI-Conventional-P5-8_9","RMR-103","S141","Ogura","coi","U719","AACCGGAA","D505","AGGCGAAG","OguraRice-eDNA-2017","COIstd50copies","2017-08-09","9:00",11,"P10","CN","sample",50,30,7.28,0.08,0.04,25.8,"NoInfo","Sampling = Shiojiri-san","Valid",56817,0.920059137230054,1006,51269,0.0192443806791009,0.894011497249262,10.6275659824047,9648.30518763788
"S142","RMR-103-S222","Ogura-COI-Conventional-P5-8_16","RMR-103","S142","Ogura","coi","U719","AACCGGAA","D506","TAATCTTA","OguraRice-eDNA-2017","COIstd50copies","2017-08-16","8:30",12,"P10","CN","sample",50,30,7.26,0.15,0.08,25.1,"NoInfo","Sampling = Sugiyama-san","Valid",62412,0.952300839582132,1673,57762,0.0281483974089341,0.932125473794653,18.1855718475073,6352.50851437128
"S143","RMR-103-S223","Ogura-COI-Conventional-P5-8_23","RMR-103","S143","Ogura","coi","U719","AACCGGAA","D507","CAGGACGT","OguraRice-eDNA-2017","COIstd50copies","2017-08-23","9:30",13,"P10","CN","sample",100,30,7.38,0.17,0.08,28.8,"Med","sunny/cloudy","Valid",50025,0.967456271864068,1371,47026,0.028328202161291,0.924329655809179,14.8204105571847,3173.05649654904
"S144","RMR-103-S224","Ogura-COI-STDNC1","RMR-103","S144","Ogura","coi","U719","AACCGGAA","D508","GTACTGAC","OguraRice-eDNA-2017","COIstd50copies",NA,NA,NA,NA,"NC","std_nc",NA,NA,NA,NA,NA,NA,NA,NA,"Valid",9847,0.93845841373007,6317,2924,0.68358402770263,0.824913703133658,68.9360703812317,4241.61108086033
"S145","RMR-103-S225","Ogura-COI-STDNC2","RMR-103","S145","Ogura","coi","U720","CGAACGAA","D501","TATAGCCT","OguraRice-eDNA-2017","COIstd50copies",NA,NA,NA,NA,"NC","std_nc",NA,NA,NA,NA,NA,NA,NA,NA,"Valid",22402,0.96281582001607,17016,4553,0.788910009736196,0.920531169571675,183.335601173021,2483.42382541573
"S146","RMR-103-S226","Ogura-COI-STDNC3","RMR-103","S146","Ogura","coi","U720","CGAACGAA","D502","ATAGAGGC","OguraRice-eDNA-2017","COIstd50copies",NA,NA,NA,NA,"NC","std_nc",NA,NA,NA,NA,NA,NA,NA,NA,"Valid",15947,0.971969649463849,9484,6016,0.611870967741936,0.955522749094692,99.7658651026393,6030.11861202302
"S147","RMR-103-S227","Ogura-COI-STDNC4","RMR-103","S147","Ogura","coi","U720","CGAACGAA","D503","CCTATCCT","OguraRice-eDNA-2017","COIstd50copies",NA,NA,NA,NA,"NC","std_nc",NA,NA,NA,NA,NA,NA,NA,NA,"Valid",18250,0.972219178082192,12609,5134,0.710646452121964,0.810229463647589,129.093255131965,3976.9699778287
"S148","RMR-103-S228","Ogura-COI-STDNC5","RMR-103","S148","Ogura","coi","U720","CGAACGAA","D504","GGCTCTGA","OguraRice-eDNA-2017","COIstd50copies",NA,NA,NA,NA,"NC","std_nc",NA,NA,NA,NA,NA,NA,NA,NA,"Valid",10799,0.961385313454949,7851,2531,0.756212675785013,0.825405074276916,79.2548973607038,3193.49350549399
"S149","RMR-103-S229","Ogura-COI-STDNC6","RMR-103","S149","Ogura","coi","U720","CGAACGAA","D505","AGGCGAAG","OguraRice-eDNA-2017","COIstd50copies",NA,NA,NA,NA,"NC","std_nc",NA,NA,NA,NA,NA,NA,NA,NA,"Valid",14305,0.962460678084586,10045,3723,0.72959035444509,0.930988748418054,104.984398826979,3546.24119545204
"S150","RMR-103-S230","Ogura-COI-STDNC7","RMR-103","S150","Ogura","coi","U720","CGAACGAA","D506","TAATCTTA","OguraRice-eDNA-2017","COIstd50copies",NA,NA,NA,NA,"NC","std_nc",NA,NA,NA,NA,NA,NA,NA,NA,"Valid",18756,0.974034975474515,13589,4680,0.74382834309486,0.764031613237301,140.76715542522,3324.63917869402
"S151","RMR-103-S231","Ogura-COI-PCRNC1","RMR-103","S151","Ogura","coi","U720","CGAACGAA","D507","CAGGACGT","OguraRice-eDNA-2017","COIstd50copies",NA,NA,NA,NA,"NC","pcr_nc",NA,NA,NA,NA,NA,NA,NA,NA,"PCR_NC",3608,0.965077605321508,115,3367,0.0330269959793222,NA,NA,0
"S152","RMR-103-S232","Ogura-COI-PCRNC2","RMR-103","S152","Ogura","coi","U720","CGAACGAA","D508","GTACTGAC","OguraRice-eDNA-2017","COIstd50copies",NA,NA,NA,NA,"NC","pcr_nc",NA,NA,NA,NA,NA,NA,NA,NA,"PCR_NC",961,0.953173777315297,302,614,0.329694323144105,NA,NA,0
