"taxa1","taxa2","cor","taxa_name1","taxa_name2","taxa_id1","taxa_id2","assign_same_taxa"
7,798,0.988923507261211,"RMR-080-16S_Bacteria___","CMR-007-18S_Bacteria___","PRO_Taxa00011","EUK_Taxa00060",1
47,830,0.991068132021538,"RMR-080-16S_Eukaryota___","CMR-007-18S_Eukaryota__Mallomonadaceae_Synura","PRO_Taxa00052","EUK_Taxa00095",1
53,67,0.98298642650622,"RMR-080-16S_Bacteria___","RMR-080-16S_Bacteria_Cyanobacteriota_Aphanizomenonaceae_Dolichospermum","PRO_Taxa00058","PRO_Taxa00072",1
58,665,0.989254998022358,"RMR-080-16S_Eukaryota___","RMR-103-COI_Eukaryota___","PRO_Taxa00063","COI_Taxa00271",1
73,100,0.992816395001263,"RMR-080-16S_Eukaryota_Bacillariophyta__","RMR-080-16S_Eukaryota___","PRO_Taxa00078","PRO_Taxa00106",1
73,179,0.985255762480055,"RMR-080-16S_Eukaryota_Bacillariophyta__","RMR-080-16S_Bacteria___","PRO_Taxa00078","PRO_Taxa00252",0
73,195,0.992624411831646,"RMR-080-16S_Eukaryota_Bacillariophyta__","RMR-080-16S_Bacteria___","PRO_Taxa00078","PRO_Taxa00323",0
73,210,0.982723401850624,"RMR-080-16S_Eukaryota_Bacillariophyta__","RMR-080-16S_Bacteria_Cyanobacteriota__","PRO_Taxa00078","PRO_Taxa00538",0
73,321,0.98328636396043,"RMR-080-16S_Eukaryota_Bacillariophyta__","RMR-080-ITS_Eukaryota___","PRO_Taxa00078","ITS_Taxa00127",1
73,840,0.99673252203511,"RMR-080-16S_Eukaryota_Bacillariophyta__","CMR-007-18S_Eukaryota_Bacillariophyta__","PRO_Taxa00078","EUK_Taxa00107",1
73,877,0.99420045234008,"RMR-080-16S_Eukaryota_Bacillariophyta__","CMR-007-18S_Eukaryota_Bacillariophyta_Bacillariaceae_","PRO_Taxa00078","EUK_Taxa00145",1
73,951,0.990927047528512,"RMR-080-16S_Eukaryota_Bacillariophyta__","CMR-007-18S_Eukaryota_Nematoda_Actinolaimidae_","PRO_Taxa00078","EUK_Taxa00222",0
73,966,0.993737183936577,"RMR-080-16S_Eukaryota_Bacillariophyta__","CMR-007-18S_Eukaryota_Bacillariophyta__","PRO_Taxa00078","EUK_Taxa00237",1
73,990,0.993755288855557,"RMR-080-16S_Eukaryota_Bacillariophyta__","CMR-007-18S_Eukaryota_Bacillariophyta_Naviculaceae_","PRO_Taxa00078","EUK_Taxa00263",1
73,1036,0.99445211031651,"RMR-080-16S_Eukaryota_Bacillariophyta__","CMR-007-18S_Eukaryota_Bacillariophyta__","PRO_Taxa00078","EUK_Taxa00313",1
73,1073,0.980738160119132,"RMR-080-16S_Eukaryota_Bacillariophyta__","CMR-007-18S_Eukaryota_Bacillariophyta__","PRO_Taxa00078","EUK_Taxa00356",1
73,1101,0.992121839700283,"RMR-080-16S_Eukaryota_Bacillariophyta__","CMR-007-18S_Eukaryota_Bacillariophyta__","PRO_Taxa00078","EUK_Taxa00386",1
73,1157,0.992718693653516,"RMR-080-16S_Eukaryota_Bacillariophyta__","CMR-007-18S_Eukaryota___","PRO_Taxa00078","EUK_Taxa00472",1
73,1173,0.992664917716392,"RMR-080-16S_Eukaryota_Bacillariophyta__","CMR-007-18S_Eukaryota_Endomyxa_Leptophryidae_","PRO_Taxa00078","EUK_Taxa00498",0
73,1283,0.981459041586413,"RMR-080-16S_Eukaryota_Bacillariophyta__","CMR-007-18S_Eukaryota_Bacillariophyta__","PRO_Taxa00078","EUK_Taxa00742",1
73,1349,0.99341909820595,"RMR-080-16S_Eukaryota_Bacillariophyta__","CMR-007-18S_Eukaryota___","PRO_Taxa00078","EUK_Taxa01148",1
89,995,0.982685568168411,"RMR-080-16S_Bacteria___","CMR-007-18S_Eukaryota_Bacillariophyta__","PRO_Taxa00095","EUK_Taxa00268",0
89,1115,0.988479833385907,"RMR-080-16S_Bacteria___","CMR-007-18S_Eukaryota_Bacillariophyta__","PRO_Taxa00095","EUK_Taxa00405",0
95,1120,0.988398326967628,"RMR-080-16S_Bacteria___","CMR-007-18S_Bacteria_Pseudomonadota__","PRO_Taxa00101","EUK_Taxa00410",1
100,179,0.980082914735499,"RMR-080-16S_Eukaryota___","RMR-080-16S_Bacteria___","PRO_Taxa00106","PRO_Taxa00252",0
100,195,0.991138317635821,"RMR-080-16S_Eukaryota___","RMR-080-16S_Bacteria___","PRO_Taxa00106","PRO_Taxa00323",0
100,840,0.995019982200983,"RMR-080-16S_Eukaryota___","CMR-007-18S_Eukaryota_Bacillariophyta__","PRO_Taxa00106","EUK_Taxa00107",1
100,877,0.995525699600258,"RMR-080-16S_Eukaryota___","CMR-007-18S_Eukaryota_Bacillariophyta_Bacillariaceae_","PRO_Taxa00106","EUK_Taxa00145",1
100,951,0.993851926504914,"RMR-080-16S_Eukaryota___","CMR-007-18S_Eukaryota_Nematoda_Actinolaimidae_","PRO_Taxa00106","EUK_Taxa00222",1
100,966,0.995430979990317,"RMR-080-16S_Eukaryota___","CMR-007-18S_Eukaryota_Bacillariophyta__","PRO_Taxa00106","EUK_Taxa00237",1
100,990,0.994686624773728,"RMR-080-16S_Eukaryota___","CMR-007-18S_Eukaryota_Bacillariophyta_Naviculaceae_","PRO_Taxa00106","EUK_Taxa00263",1
100,1036,0.994921552560804,"RMR-080-16S_Eukaryota___","CMR-007-18S_Eukaryota_Bacillariophyta__","PRO_Taxa00106","EUK_Taxa00313",1
100,1101,0.987371527964651,"RMR-080-16S_Eukaryota___","CMR-007-18S_Eukaryota_Bacillariophyta__","PRO_Taxa00106","EUK_Taxa00386",1
100,1157,0.992633419619671,"RMR-080-16S_Eukaryota___","CMR-007-18S_Eukaryota___","PRO_Taxa00106","EUK_Taxa00472",1
100,1173,0.993658011343162,"RMR-080-16S_Eukaryota___","CMR-007-18S_Eukaryota_Endomyxa_Leptophryidae_","PRO_Taxa00106","EUK_Taxa00498",1
100,1349,0.994423376065618,"RMR-080-16S_Eukaryota___","CMR-007-18S_Eukaryota___","PRO_Taxa00106","EUK_Taxa01148",1
146,194,0.988278625689398,"RMR-080-16S_Bacteria_Pseudomonadota_Chromobacteriaceae_Aquitalea","RMR-080-16S_Bacteria_Pseudomonadota_Chromobacteriaceae_Paludibacterium","PRO_Taxa00164","PRO_Taxa00319",0
146,1197,0.993320542415253,"RMR-080-16S_Bacteria_Pseudomonadota_Chromobacteriaceae_Aquitalea","CMR-007-18S_Bacteria_Pseudomonadota_Chromobacteriaceae_","PRO_Taxa00164","EUK_Taxa00542",1
146,1310,0.988477817597476,"RMR-080-16S_Bacteria_Pseudomonadota_Chromobacteriaceae_Aquitalea","CMR-007-18S_Bacteria_Pseudomonadota__","PRO_Taxa00164","EUK_Taxa00854",1
179,185,0.981675235973294,"RMR-080-16S_Bacteria___","RMR-080-16S_Bacteria___","PRO_Taxa00252","PRO_Taxa00280",1
179,195,0.983601588207509,"RMR-080-16S_Bacteria___","RMR-080-16S_Bacteria___","PRO_Taxa00252","PRO_Taxa00323",1
179,840,0.985600502409944,"RMR-080-16S_Bacteria___","CMR-007-18S_Eukaryota_Bacillariophyta__","PRO_Taxa00252","EUK_Taxa00107",0
179,877,0.983234553302022,"RMR-080-16S_Bacteria___","CMR-007-18S_Eukaryota_Bacillariophyta_Bacillariaceae_","PRO_Taxa00252","EUK_Taxa00145",0
179,966,0.983743251880536,"RMR-080-16S_Bacteria___","CMR-007-18S_Eukaryota_Bacillariophyta__","PRO_Taxa00252","EUK_Taxa00237",0
179,990,0.983482178772529,"RMR-080-16S_Bacteria___","CMR-007-18S_Eukaryota_Bacillariophyta_Naviculaceae_","PRO_Taxa00252","EUK_Taxa00263",0
179,1036,0.982607395140872,"RMR-080-16S_Bacteria___","CMR-007-18S_Eukaryota_Bacillariophyta__","PRO_Taxa00252","EUK_Taxa00313",0
179,1101,0.981846680178667,"RMR-080-16S_Bacteria___","CMR-007-18S_Eukaryota_Bacillariophyta__","PRO_Taxa00252","EUK_Taxa00386",0
179,1157,0.982033939623594,"RMR-080-16S_Bacteria___","CMR-007-18S_Eukaryota___","PRO_Taxa00252","EUK_Taxa00472",0
179,1173,0.980762906988528,"RMR-080-16S_Bacteria___","CMR-007-18S_Eukaryota_Endomyxa_Leptophryidae_","PRO_Taxa00252","EUK_Taxa00498",0
179,1349,0.980627534482936,"RMR-080-16S_Bacteria___","CMR-007-18S_Eukaryota___","PRO_Taxa00252","EUK_Taxa01148",0
184,1283,0.983719093542447,"RMR-080-16S_Eukaryota_Bacillariophyta__","CMR-007-18S_Eukaryota_Bacillariophyta__","PRO_Taxa00277","EUK_Taxa00742",1
185,195,0.984060693871863,"RMR-080-16S_Bacteria___","RMR-080-16S_Bacteria___","PRO_Taxa00280","PRO_Taxa00323",1
185,840,0.983696265751898,"RMR-080-16S_Bacteria___","CMR-007-18S_Eukaryota_Bacillariophyta__","PRO_Taxa00280","EUK_Taxa00107",0
185,877,0.983100966657292,"RMR-080-16S_Bacteria___","CMR-007-18S_Eukaryota_Bacillariophyta_Bacillariaceae_","PRO_Taxa00280","EUK_Taxa00145",0
185,951,0.982167581808686,"RMR-080-16S_Bacteria___","CMR-007-18S_Eukaryota_Nematoda_Actinolaimidae_","PRO_Taxa00280","EUK_Taxa00222",0
185,966,0.982940505821158,"RMR-080-16S_Bacteria___","CMR-007-18S_Eukaryota_Bacillariophyta__","PRO_Taxa00280","EUK_Taxa00237",0
185,990,0.984637268635427,"RMR-080-16S_Bacteria___","CMR-007-18S_Eukaryota_Bacillariophyta_Naviculaceae_","PRO_Taxa00280","EUK_Taxa00263",0
185,1036,0.982229125031626,"RMR-080-16S_Bacteria___","CMR-007-18S_Eukaryota_Bacillariophyta__","PRO_Taxa00280","EUK_Taxa00313",0
185,1173,0.981422694581271,"RMR-080-16S_Bacteria___","CMR-007-18S_Eukaryota_Endomyxa_Leptophryidae_","PRO_Taxa00280","EUK_Taxa00498",0
185,1349,0.982441996094532,"RMR-080-16S_Bacteria___","CMR-007-18S_Eukaryota___","PRO_Taxa00280","EUK_Taxa01148",0
193,995,0.984087304277718,"RMR-080-16S_Bacteria_Bacteroidota_Spirosomataceae_Runella","CMR-007-18S_Eukaryota_Bacillariophyta__","PRO_Taxa00313","EUK_Taxa00268",0
194,1197,0.990348406372536,"RMR-080-16S_Bacteria_Pseudomonadota_Chromobacteriaceae_Paludibacterium","CMR-007-18S_Bacteria_Pseudomonadota_Chromobacteriaceae_","PRO_Taxa00319","EUK_Taxa00542",1
194,1310,0.999325450322642,"RMR-080-16S_Bacteria_Pseudomonadota_Chromobacteriaceae_Paludibacterium","CMR-007-18S_Bacteria_Pseudomonadota__","PRO_Taxa00319","EUK_Taxa00854",1
195,259,0.982356748349342,"RMR-080-16S_Bacteria___","RMR-080-ITS_Eukaryota___","PRO_Taxa00323","ITS_Taxa00056",0
195,840,0.995670381926624,"RMR-080-16S_Bacteria___","CMR-007-18S_Eukaryota_Bacillariophyta__","PRO_Taxa00323","EUK_Taxa00107",0
195,877,0.995797423089236,"RMR-080-16S_Bacteria___","CMR-007-18S_Eukaryota_Bacillariophyta_Bacillariaceae_","PRO_Taxa00323","EUK_Taxa00145",0
195,951,0.994616714050627,"RMR-080-16S_Bacteria___","CMR-007-18S_Eukaryota_Nematoda_Actinolaimidae_","PRO_Taxa00323","EUK_Taxa00222",0
195,966,0.993994192867659,"RMR-080-16S_Bacteria___","CMR-007-18S_Eukaryota_Bacillariophyta__","PRO_Taxa00323","EUK_Taxa00237",0
195,990,0.995548363715536,"RMR-080-16S_Bacteria___","CMR-007-18S_Eukaryota_Bacillariophyta_Naviculaceae_","PRO_Taxa00323","EUK_Taxa00263",0
195,1036,0.994836878964139,"RMR-080-16S_Bacteria___","CMR-007-18S_Eukaryota_Bacillariophyta__","PRO_Taxa00323","EUK_Taxa00313",0
195,1101,0.990161319057092,"RMR-080-16S_Bacteria___","CMR-007-18S_Eukaryota_Bacillariophyta__","PRO_Taxa00323","EUK_Taxa00386",0
195,1157,0.993163142609374,"RMR-080-16S_Bacteria___","CMR-007-18S_Eukaryota___","PRO_Taxa00323","EUK_Taxa00472",0
195,1173,0.994266018640345,"RMR-080-16S_Bacteria___","CMR-007-18S_Eukaryota_Endomyxa_Leptophryidae_","PRO_Taxa00323","EUK_Taxa00498",0
195,1349,0.995061097478269,"RMR-080-16S_Bacteria___","CMR-007-18S_Eukaryota___","PRO_Taxa00323","EUK_Taxa01148",0
210,321,0.993258811628565,"RMR-080-16S_Bacteria_Cyanobacteriota__","RMR-080-ITS_Eukaryota___","PRO_Taxa00538","ITS_Taxa00127",0
210,840,0.984328754564228,"RMR-080-16S_Bacteria_Cyanobacteriota__","CMR-007-18S_Eukaryota_Bacillariophyta__","PRO_Taxa00538","EUK_Taxa00107",0
210,877,0.981153392710824,"RMR-080-16S_Bacteria_Cyanobacteriota__","CMR-007-18S_Eukaryota_Bacillariophyta_Bacillariaceae_","PRO_Taxa00538","EUK_Taxa00145",0
210,1157,0.990462272816925,"RMR-080-16S_Bacteria_Cyanobacteriota__","CMR-007-18S_Eukaryota___","PRO_Taxa00538","EUK_Taxa00472",0
210,1173,0.987206694720844,"RMR-080-16S_Bacteria_Cyanobacteriota__","CMR-007-18S_Eukaryota_Endomyxa_Leptophryidae_","PRO_Taxa00538","EUK_Taxa00498",0
210,1283,0.984602514714174,"RMR-080-16S_Bacteria_Cyanobacteriota__","CMR-007-18S_Eukaryota_Bacillariophyta__","PRO_Taxa00538","EUK_Taxa00742",0
210,1349,0.982029162077864,"RMR-080-16S_Bacteria_Cyanobacteriota__","CMR-007-18S_Eukaryota___","PRO_Taxa00538","EUK_Taxa01148",0
216,232,0.991061306299085,"RMR-080-ITS____","RMR-080-ITS____","ITS_Taxa00009","ITS_Taxa00028",1
217,1298,0.985323018970891,"RMR-080-ITS_Eukaryota___","CMR-007-18S_Eukaryota___","ITS_Taxa00010","EUK_Taxa00805",1
222,223,0.982993542492389,"RMR-080-ITS____","RMR-080-ITS____","ITS_Taxa00016","ITS_Taxa00017",1
222,227,0.98422784316248,"RMR-080-ITS____","RMR-080-ITS____","ITS_Taxa00016","ITS_Taxa00023",1
222,231,0.982276880173617,"RMR-080-ITS____","RMR-080-ITS____","ITS_Taxa00016","ITS_Taxa00027",1
222,236,0.985857950633474,"RMR-080-ITS____","RMR-080-ITS____","ITS_Taxa00016","ITS_Taxa00032",1
222,237,0.983919512398836,"RMR-080-ITS____","RMR-080-ITS____","ITS_Taxa00016","ITS_Taxa00033",1
222,247,0.982575400471918,"RMR-080-ITS____","RMR-080-ITS____","ITS_Taxa00016","ITS_Taxa00043",1
222,265,0.982165160623807,"RMR-080-ITS____","RMR-080-ITS____","ITS_Taxa00016","ITS_Taxa00062",1
223,227,0.998788924341562,"RMR-080-ITS____","RMR-080-ITS____","ITS_Taxa00017","ITS_Taxa00023",1
223,230,0.998493119521295,"RMR-080-ITS____","RMR-080-ITS____","ITS_Taxa00017","ITS_Taxa00026",1
223,231,0.997473142690153,"RMR-080-ITS____","RMR-080-ITS____","ITS_Taxa00017","ITS_Taxa00027",1
223,236,0.99856073120471,"RMR-080-ITS____","RMR-080-ITS____","ITS_Taxa00017","ITS_Taxa00032",1
223,237,0.998539973322,"RMR-080-ITS____","RMR-080-ITS____","ITS_Taxa00017","ITS_Taxa00033",1
223,247,0.998461675198232,"RMR-080-ITS____","RMR-080-ITS____","ITS_Taxa00017","ITS_Taxa00043",1
223,264,0.987440256329512,"RMR-080-ITS____","RMR-080-ITS____","ITS_Taxa00017","ITS_Taxa00061",1
223,265,0.999026868031021,"RMR-080-ITS____","RMR-080-ITS____","ITS_Taxa00017","ITS_Taxa00062",1
223,273,0.998008778097374,"RMR-080-ITS____","RMR-080-ITS____","ITS_Taxa00017","ITS_Taxa00071",1
223,277,0.995588719231452,"RMR-080-ITS____","RMR-080-ITS____","ITS_Taxa00017","ITS_Taxa00075",1
223,367,0.993099010567243,"RMR-080-ITS____","RMR-080-ITS____","ITS_Taxa00017","ITS_Taxa00197",1
223,753,0.987537345759555,"RMR-080-ITS____","CMR-007-18S_Eukaryota_Rotifera__","ITS_Taxa00017","EUK_Taxa00012",1
227,230,0.995705242259275,"RMR-080-ITS____","RMR-080-ITS____","ITS_Taxa00023","ITS_Taxa00026",1
227,231,0.998076383257837,"RMR-080-ITS____","RMR-080-ITS____","ITS_Taxa00023","ITS_Taxa00027",1
227,236,0.9987307896401,"RMR-080-ITS____","RMR-080-ITS____","ITS_Taxa00023","ITS_Taxa00032",1
227,237,0.9990725111748,"RMR-080-ITS____","RMR-080-ITS____","ITS_Taxa00023","ITS_Taxa00033",1
227,247,0.998884258406822,"RMR-080-ITS____","RMR-080-ITS____","ITS_Taxa00023","ITS_Taxa00043",1
227,264,0.982745808263511,"RMR-080-ITS____","RMR-080-ITS____","ITS_Taxa00023","ITS_Taxa00061",1
227,265,0.998340220683509,"RMR-080-ITS____","RMR-080-ITS____","ITS_Taxa00023","ITS_Taxa00062",1
227,273,0.998538907255069,"RMR-080-ITS____","RMR-080-ITS____","ITS_Taxa00023","ITS_Taxa00071",1
227,277,0.993544945608765,"RMR-080-ITS____","RMR-080-ITS____","ITS_Taxa00023","ITS_Taxa00075",1
227,367,0.988546562206267,"RMR-080-ITS____","RMR-080-ITS____","ITS_Taxa00023","ITS_Taxa00197",1
227,753,0.988234889159411,"RMR-080-ITS____","CMR-007-18S_Eukaryota_Rotifera__","ITS_Taxa00023","EUK_Taxa00012",1
228,305,0.985776954404097,"RMR-080-ITS____","RMR-080-ITS____","ITS_Taxa00024","ITS_Taxa00107",1
230,231,0.995301112968565,"RMR-080-ITS____","RMR-080-ITS____","ITS_Taxa00026","ITS_Taxa00027",1
230,236,0.996356838357765,"RMR-080-ITS____","RMR-080-ITS____","ITS_Taxa00026","ITS_Taxa00032",1
230,237,0.996041954333238,"RMR-080-ITS____","RMR-080-ITS____","ITS_Taxa00026","ITS_Taxa00033",1
230,247,0.997490564163743,"RMR-080-ITS____","RMR-080-ITS____","ITS_Taxa00026","ITS_Taxa00043",1
230,264,0.987482647104162,"RMR-080-ITS____","RMR-080-ITS____","ITS_Taxa00026","ITS_Taxa00061",1
230,265,0.997233132321604,"RMR-080-ITS____","RMR-080-ITS____","ITS_Taxa00026","ITS_Taxa00062",1
230,273,0.995547495995994,"RMR-080-ITS____","RMR-080-ITS____","ITS_Taxa00026","ITS_Taxa00071",1
230,277,0.996899477857697,"RMR-080-ITS____","RMR-080-ITS____","ITS_Taxa00026","ITS_Taxa00075",1
230,367,0.996049066385744,"RMR-080-ITS____","RMR-080-ITS____","ITS_Taxa00026","ITS_Taxa00197",1
230,753,0.982080295522078,"RMR-080-ITS____","CMR-007-18S_Eukaryota_Rotifera__","ITS_Taxa00026","EUK_Taxa00012",1
231,236,0.997829376895984,"RMR-080-ITS____","RMR-080-ITS____","ITS_Taxa00027","ITS_Taxa00032",1
231,237,0.996736524548048,"RMR-080-ITS____","RMR-080-ITS____","ITS_Taxa00027","ITS_Taxa00033",1
231,247,0.998739201208745,"RMR-080-ITS____","RMR-080-ITS____","ITS_Taxa00027","ITS_Taxa00043",1
231,265,0.99789072468747,"RMR-080-ITS____","RMR-080-ITS____","ITS_Taxa00027","ITS_Taxa00062",1
231,273,0.996994366916995,"RMR-080-ITS____","RMR-080-ITS____","ITS_Taxa00027","ITS_Taxa00071",1
231,277,0.993467676432891,"RMR-080-ITS____","RMR-080-ITS____","ITS_Taxa00027","ITS_Taxa00075",1
231,367,0.984810120886346,"RMR-080-ITS____","RMR-080-ITS____","ITS_Taxa00027","ITS_Taxa00197",1
231,753,0.984221608268578,"RMR-080-ITS____","CMR-007-18S_Eukaryota_Rotifera__","ITS_Taxa00027","EUK_Taxa00012",1
233,276,0.98089550374567,"RMR-080-ITS_Eukaryota___","RMR-080-ITS_Eukaryota___","ITS_Taxa00029","ITS_Taxa00074",1
234,343,0.996115589740464,"RMR-080-ITS_Eukaryota___","RMR-080-ITS____","ITS_Taxa00030","ITS_Taxa00156",1
234,946,0.986391528158941,"RMR-080-ITS_Eukaryota___","CMR-007-18S____","ITS_Taxa00030","EUK_Taxa00217",1
236,237,0.998023016806449,"RMR-080-ITS____","RMR-080-ITS____","ITS_Taxa00032","ITS_Taxa00033",1
236,247,0.998326329093692,"RMR-080-ITS____","RMR-080-ITS____","ITS_Taxa00032","ITS_Taxa00043",1
236,264,0.982685361901713,"RMR-080-ITS____","RMR-080-ITS____","ITS_Taxa00032","ITS_Taxa00061",1
236,265,0.998043830723556,"RMR-080-ITS____","RMR-080-ITS____","ITS_Taxa00032","ITS_Taxa00062",1
236,273,0.996563927099591,"RMR-080-ITS____","RMR-080-ITS____","ITS_Taxa00032","ITS_Taxa00071",1
236,277,0.992787602355976,"RMR-080-ITS____","RMR-080-ITS____","ITS_Taxa00032","ITS_Taxa00075",1
236,367,0.99011096900786,"RMR-080-ITS____","RMR-080-ITS____","ITS_Taxa00032","ITS_Taxa00197",1
236,753,0.9849974275667,"RMR-080-ITS____","CMR-007-18S_Eukaryota_Rotifera__","ITS_Taxa00032","EUK_Taxa00012",1
237,247,0.998304188980458,"RMR-080-ITS____","RMR-080-ITS____","ITS_Taxa00033","ITS_Taxa00043",1
237,264,0.986528120069185,"RMR-080-ITS____","RMR-080-ITS____","ITS_Taxa00033","ITS_Taxa00061",1
237,265,0.998516853026792,"RMR-080-ITS____","RMR-080-ITS____","ITS_Taxa00033","ITS_Taxa00062",1
237,273,0.998956122856563,"RMR-080-ITS____","RMR-080-ITS____","ITS_Taxa00033","ITS_Taxa00071",1
237,277,0.99378894663579,"RMR-080-ITS____","RMR-080-ITS____","ITS_Taxa00033","ITS_Taxa00075",1
237,279,0.981562472233232,"RMR-080-ITS____","RMR-080-ITS____","ITS_Taxa00033","ITS_Taxa00078",1
237,367,0.989701948683331,"RMR-080-ITS____","RMR-080-ITS____","ITS_Taxa00033","ITS_Taxa00197",1
237,753,0.988773228442517,"RMR-080-ITS____","CMR-007-18S_Eukaryota_Rotifera__","ITS_Taxa00033","EUK_Taxa00012",1
240,417,0.986814135096322,"RMR-080-ITS____","RMR-080-ITS_Eukaryota___","ITS_Taxa00036","ITS_Taxa00343",1
246,268,0.983936236316473,"RMR-080-ITS_Eukaryota___","RMR-080-ITS____","ITS_Taxa00042","ITS_Taxa00066",1
246,617,0.980883643374399,"RMR-080-ITS_Eukaryota___","RMR-103-COI_Eukaryota___","ITS_Taxa00042","COI_Taxa00206",1
247,264,0.980579315873285,"RMR-080-ITS____","RMR-080-ITS____","ITS_Taxa00043","ITS_Taxa00061",1
247,265,0.998561781263513,"RMR-080-ITS____","RMR-080-ITS____","ITS_Taxa00043","ITS_Taxa00062",1
247,273,0.998014373325848,"RMR-080-ITS____","RMR-080-ITS____","ITS_Taxa00043","ITS_Taxa00071",1
247,277,0.99513964717187,"RMR-080-ITS____","RMR-080-ITS____","ITS_Taxa00043","ITS_Taxa00075",1
247,367,0.989880288549399,"RMR-080-ITS____","RMR-080-ITS____","ITS_Taxa00043","ITS_Taxa00197",1
247,753,0.984063789941364,"RMR-080-ITS____","CMR-007-18S_Eukaryota_Rotifera__","ITS_Taxa00043","EUK_Taxa00012",1
248,392,0.983293759785047,"RMR-080-ITS____","RMR-080-ITS____","ITS_Taxa00044","ITS_Taxa00242",1
248,810,0.984181754307499,"RMR-080-ITS____","CMR-007-18S_Eukaryota_Bacillariophyta_Gomphonemataceae_Gomphonema","ITS_Taxa00044","EUK_Taxa00074",1
250,292,0.992150876704966,"RMR-080-ITS____","RMR-080-ITS____","ITS_Taxa00046","ITS_Taxa00093",1
253,415,0.983072578625893,"RMR-080-ITS_Eukaryota___","RMR-080-ITS_Eukaryota_Chytridiomycota_Zygophlyctidaceae_Zygophlyctis","ITS_Taxa00050","ITS_Taxa00336",1
259,840,0.983182491174856,"RMR-080-ITS_Eukaryota___","CMR-007-18S_Eukaryota_Bacillariophyta__","ITS_Taxa00056","EUK_Taxa00107",1
259,877,0.982154366759619,"RMR-080-ITS_Eukaryota___","CMR-007-18S_Eukaryota_Bacillariophyta_Bacillariaceae_","ITS_Taxa00056","EUK_Taxa00145",1
259,951,0.982403979116597,"RMR-080-ITS_Eukaryota___","CMR-007-18S_Eukaryota_Nematoda_Actinolaimidae_","ITS_Taxa00056","EUK_Taxa00222",1
259,966,0.981391083070351,"RMR-080-ITS_Eukaryota___","CMR-007-18S_Eukaryota_Bacillariophyta__","ITS_Taxa00056","EUK_Taxa00237",1
259,990,0.982862652181845,"RMR-080-ITS_Eukaryota___","CMR-007-18S_Eukaryota_Bacillariophyta_Naviculaceae_","ITS_Taxa00056","EUK_Taxa00263",1
259,1036,0.980752581069337,"RMR-080-ITS_Eukaryota___","CMR-007-18S_Eukaryota_Bacillariophyta__","ITS_Taxa00056","EUK_Taxa00313",1
259,1157,0.981983252795199,"RMR-080-ITS_Eukaryota___","CMR-007-18S_Eukaryota___","ITS_Taxa00056","EUK_Taxa00472",1
259,1173,0.983030337528893,"RMR-080-ITS_Eukaryota___","CMR-007-18S_Eukaryota_Endomyxa_Leptophryidae_","ITS_Taxa00056","EUK_Taxa00498",1
259,1349,0.982740296985616,"RMR-080-ITS_Eukaryota___","CMR-007-18S_Eukaryota___","ITS_Taxa00056","EUK_Taxa01148",1
264,265,0.984571214957472,"RMR-080-ITS____","RMR-080-ITS____","ITS_Taxa00061","ITS_Taxa00062",1
264,273,0.984580479316932,"RMR-080-ITS____","RMR-080-ITS____","ITS_Taxa00061","ITS_Taxa00071",1
264,277,0.984178762547744,"RMR-080-ITS____","RMR-080-ITS____","ITS_Taxa00061","ITS_Taxa00075",1
264,279,0.994270180827021,"RMR-080-ITS____","RMR-080-ITS____","ITS_Taxa00061","ITS_Taxa00078",1
264,367,0.990866906840246,"RMR-080-ITS____","RMR-080-ITS____","ITS_Taxa00061","ITS_Taxa00197",1
264,753,0.985193112463507,"RMR-080-ITS____","CMR-007-18S_Eukaryota_Rotifera__","ITS_Taxa00061","EUK_Taxa00012",1
265,273,0.998390968205278,"RMR-080-ITS____","RMR-080-ITS____","ITS_Taxa00062","ITS_Taxa00071",1
265,277,0.994947365689115,"RMR-080-ITS____","RMR-080-ITS____","ITS_Taxa00062","ITS_Taxa00075",1
265,367,0.989928292343771,"RMR-080-ITS____","RMR-080-ITS____","ITS_Taxa00062","ITS_Taxa00197",1
265,753,0.986959159926552,"RMR-080-ITS____","CMR-007-18S_Eukaryota_Rotifera__","ITS_Taxa00062","EUK_Taxa00012",1
268,368,0.981111134796344,"RMR-080-ITS____","RMR-080-ITS_Eukaryota___","ITS_Taxa00066","ITS_Taxa00198",1
268,509,0.997321778156363,"RMR-080-ITS____","RMR-103-COI_Eukaryota___","ITS_Taxa00066","COI_Taxa00082",1
268,567,0.989180469734131,"RMR-080-ITS____","RMR-103-COI_Eukaryota___","ITS_Taxa00066","COI_Taxa00149",1
268,617,0.997752325757379,"RMR-080-ITS____","RMR-103-COI_Eukaryota___","ITS_Taxa00066","COI_Taxa00206",1
268,654,0.988053611497167,"RMR-080-ITS____","RMR-103-COI_Eukaryota___","ITS_Taxa00066","COI_Taxa00254",1
268,673,0.993029138351244,"RMR-080-ITS____","RMR-103-COI_Eukaryota_Cnidaria__","ITS_Taxa00066","COI_Taxa00282",1
268,707,0.990711004987041,"RMR-080-ITS____","RMR-103-COI_Eukaryota___","ITS_Taxa00066","COI_Taxa00358",1
268,831,0.987896515690882,"RMR-080-ITS____","CMR-007-18S_Eukaryota_Ciliophora_Parameciidae_Paramecium","ITS_Taxa00066","EUK_Taxa00096",1
273,277,0.994993707865574,"RMR-080-ITS____","RMR-080-ITS____","ITS_Taxa00071","ITS_Taxa00075",1
273,367,0.986679427449409,"RMR-080-ITS____","RMR-080-ITS____","ITS_Taxa00071","ITS_Taxa00197",1
273,753,0.99067360842379,"RMR-080-ITS____","CMR-007-18S_Eukaryota_Rotifera__","ITS_Taxa00071","EUK_Taxa00012",1
277,367,0.990165864610079,"RMR-080-ITS____","RMR-080-ITS____","ITS_Taxa00075","ITS_Taxa00197",1
277,753,0.983396439745418,"RMR-080-ITS____","CMR-007-18S_Eukaryota_Rotifera__","ITS_Taxa00075","EUK_Taxa00012",1
279,367,0.980620888989645,"RMR-080-ITS____","RMR-080-ITS____","ITS_Taxa00078","ITS_Taxa00197",1
282,290,0.990367440077041,"RMR-080-ITS_Eukaryota_Ascomycota__","RMR-080-ITS____","ITS_Taxa00082","ITS_Taxa00091",1
283,411,0.988911118625387,"RMR-080-ITS____","RMR-080-ITS____","ITS_Taxa00083","ITS_Taxa00315",1
283,421,0.989015314054509,"RMR-080-ITS____","RMR-080-ITS____","ITS_Taxa00083","ITS_Taxa00353",1
295,1276,0.988022057698106,"RMR-080-ITS____","CMR-007-18S_Eukaryota___","ITS_Taxa00096","EUK_Taxa00727",1
296,987,0.992069530149929,"RMR-080-ITS_Eukaryota___","CMR-007-18S_Eukaryota_Chlorophyta__","ITS_Taxa00097","EUK_Taxa00260",1
307,340,0.980922707602212,"RMR-080-ITS____","RMR-080-ITS____","ITS_Taxa00109","ITS_Taxa00151",1
307,357,0.995625850931913,"RMR-080-ITS____","RMR-080-ITS____","ITS_Taxa00109","ITS_Taxa00175",1
307,410,0.994886440358951,"RMR-080-ITS____","RMR-080-ITS_Eukaryota_Cercozoa_Cercomonadidae_Paracercomonas","ITS_Taxa00109","ITS_Taxa00304",1
313,433,0.987345523887533,"RMR-080-ITS_Eukaryota___","RMR-080-ITS____","ITS_Taxa00117","ITS_Taxa00470",1
317,1226,0.985063450984677,"RMR-080-ITS_Eukaryota_Cryptomycota__","CMR-007-18S_Eukaryota___","ITS_Taxa00121","EUK_Taxa00615",1
320,375,0.98708313764651,"RMR-080-ITS____","RMR-080-ITS____","ITS_Taxa00124","ITS_Taxa00208",1
321,840,0.982849686480509,"RMR-080-ITS_Eukaryota___","CMR-007-18S_Eukaryota_Bacillariophyta__","ITS_Taxa00127","EUK_Taxa00107",1
321,1157,0.984354614364655,"RMR-080-ITS_Eukaryota___","CMR-007-18S_Eukaryota___","ITS_Taxa00127","EUK_Taxa00472",1
321,1173,0.984030686498266,"RMR-080-ITS_Eukaryota___","CMR-007-18S_Eukaryota_Endomyxa_Leptophryidae_","ITS_Taxa00127","EUK_Taxa00498",1
321,1283,0.985914884605848,"RMR-080-ITS_Eukaryota___","CMR-007-18S_Eukaryota_Bacillariophyta__","ITS_Taxa00127","EUK_Taxa00742",1
321,1349,0.981525503726201,"RMR-080-ITS_Eukaryota___","CMR-007-18S_Eukaryota___","ITS_Taxa00127","EUK_Taxa01148",1
324,1294,0.98748262683583,"RMR-080-ITS____","CMR-007-18S_Eukaryota___","ITS_Taxa00131","EUK_Taxa00791",1
326,339,0.982177574519626,"RMR-080-ITS____","RMR-080-ITS____","ITS_Taxa00134","ITS_Taxa00150",1
340,357,0.983925355573167,"RMR-080-ITS____","RMR-080-ITS____","ITS_Taxa00151","ITS_Taxa00175",1
343,946,0.983420912359137,"RMR-080-ITS____","CMR-007-18S____","ITS_Taxa00156","EUK_Taxa00217",1
348,771,0.984108229611821,"RMR-080-ITS____","CMR-007-18S_Eukaryota___","ITS_Taxa00161","EUK_Taxa00032",1
357,410,0.990645770121012,"RMR-080-ITS____","RMR-080-ITS_Eukaryota_Cercozoa_Cercomonadidae_Paracercomonas","ITS_Taxa00175","ITS_Taxa00304",1
365,366,0.985127562910942,"RMR-080-ITS_Eukaryota_Chytridiomycota_Zygophlyctidaceae_Zygophlyctis","RMR-080-ITS_Eukaryota_Chytridiomycota_Zygophlyctidaceae_Zygophlyctis","ITS_Taxa00188","ITS_Taxa00190",1
365,415,0.991369392977686,"RMR-080-ITS_Eukaryota_Chytridiomycota_Zygophlyctidaceae_Zygophlyctis","RMR-080-ITS_Eukaryota_Chytridiomycota_Zygophlyctidaceae_Zygophlyctis","ITS_Taxa00188","ITS_Taxa00336",1
365,431,0.98315107720872,"RMR-080-ITS_Eukaryota_Chytridiomycota_Zygophlyctidaceae_Zygophlyctis","RMR-080-ITS_Eukaryota_Chytridiomycota_Zygophlyctidaceae_Zygophlyctis","ITS_Taxa00188","ITS_Taxa00455",1
365,550,0.981775003236012,"RMR-080-ITS_Eukaryota_Chytridiomycota_Zygophlyctidaceae_Zygophlyctis","RMR-103-COI_Eukaryota___","ITS_Taxa00188","COI_Taxa00129",1
366,415,0.98464836664841,"RMR-080-ITS_Eukaryota_Chytridiomycota_Zygophlyctidaceae_Zygophlyctis","RMR-080-ITS_Eukaryota_Chytridiomycota_Zygophlyctidaceae_Zygophlyctis","ITS_Taxa00190","ITS_Taxa00336",1
368,509,0.984731506180897,"RMR-080-ITS_Eukaryota___","RMR-103-COI_Eukaryota___","ITS_Taxa00198","COI_Taxa00082",1
368,567,0.981283920508979,"RMR-080-ITS_Eukaryota___","RMR-103-COI_Eukaryota___","ITS_Taxa00198","COI_Taxa00149",1
368,605,0.983134713779001,"RMR-080-ITS_Eukaryota___","RMR-103-COI_Eukaryota_Oomycota__","ITS_Taxa00198","COI_Taxa00192",1
368,617,0.98345775785047,"RMR-080-ITS_Eukaryota___","RMR-103-COI_Eukaryota___","ITS_Taxa00198","COI_Taxa00206",1
368,654,0.987028324646908,"RMR-080-ITS_Eukaryota___","RMR-103-COI_Eukaryota___","ITS_Taxa00198","COI_Taxa00254",1
368,668,0.994636136730629,"RMR-080-ITS_Eukaryota___","RMR-103-COI_Eukaryota___","ITS_Taxa00198","COI_Taxa00274",1
368,673,0.986798049598206,"RMR-080-ITS_Eukaryota___","RMR-103-COI_Eukaryota_Cnidaria__","ITS_Taxa00198","COI_Taxa00282",1
368,707,0.993008504154585,"RMR-080-ITS_Eukaryota___","RMR-103-COI_Eukaryota___","ITS_Taxa00198","COI_Taxa00358",1
368,831,0.985918461862897,"RMR-080-ITS_Eukaryota___","CMR-007-18S_Eukaryota_Ciliophora_Parameciidae_Paramecium","ITS_Taxa00198","EUK_Taxa00096",1
392,1221,0.986832801628951,"RMR-080-ITS____","CMR-007-18S_Eukaryota___","ITS_Taxa00242","EUK_Taxa00604",1
396,1085,0.989662497380647,"RMR-080-ITS____","CMR-007-18S_Eukaryota_Ciliophora_Blepharismidae_Blepharisma","ITS_Taxa00254","EUK_Taxa00369",1
396,1248,0.986931045170635,"RMR-080-ITS____","CMR-007-18S_Eukaryota_Blastocladiomycota__","ITS_Taxa00254","EUK_Taxa00668",1
396,1289,0.984937346324726,"RMR-080-ITS____","CMR-007-18S_Eukaryota_Chlorophyta_Chlamydomonadaceae_Vitreochlamys","ITS_Taxa00254","EUK_Taxa00767",1
411,421,0.990535214511298,"RMR-080-ITS____","RMR-080-ITS____","ITS_Taxa00315","ITS_Taxa00353",1
416,865,0.987128257145489,"RMR-080-ITS____","CMR-007-18S_Eukaryota___","ITS_Taxa00340","EUK_Taxa00133",1
425,582,0.984221776197851,"RMR-080-ITS_Eukaryota___","RMR-103-COI_Eukaryota___","ITS_Taxa00380","COI_Taxa00165",1
444,722,0.984199876041097,"RMR-103-COI_Eukaryota_Oomycota__","RMR-103-COI_Eukaryota___","COI_Taxa00010","COI_Taxa00430",1
444,728,0.980758054248017,"RMR-103-COI_Eukaryota_Oomycota__","RMR-103-COI_Eukaryota___","COI_Taxa00010","COI_Taxa00481",1
444,737,0.982730236781918,"RMR-103-COI_Eukaryota_Oomycota__","RMR-103-COI_Eukaryota___","COI_Taxa00010","COI_Taxa00596",1
444,738,0.990363126825535,"RMR-103-COI_Eukaryota_Oomycota__","RMR-103-COI_Eukaryota___","COI_Taxa00010","COI_Taxa00619",1
444,743,0.988863953852082,"RMR-103-COI_Eukaryota_Oomycota__","RMR-103-COI_Eukaryota___","COI_Taxa00010","COI_Taxa00762",1
444,1242,0.987980018814028,"RMR-103-COI_Eukaryota_Oomycota__","CMR-007-18S_Eukaryota_Euglenozoa_Euglenaceae_Euglena","COI_Taxa00010","EUK_Taxa00650",0
453,737,0.98260045093619,"RMR-103-COI_Eukaryota___","RMR-103-COI_Eukaryota___","COI_Taxa00021","COI_Taxa00596",1
456,478,0.981196386191609,"RMR-103-COI_Eukaryota___","RMR-103-COI_Eukaryota___","COI_Taxa00024","COI_Taxa00047",1
456,493,0.985468545924189,"RMR-103-COI_Eukaryota___","RMR-103-COI_Eukaryota___","COI_Taxa00024","COI_Taxa00063",1
457,508,0.980976641277395,"RMR-103-COI_Eukaryota___","RMR-103-COI_Eukaryota___","COI_Taxa00025","COI_Taxa00080",1
469,507,0.989146506936555,"RMR-103-COI_Eukaryota_Arthropoda_Chironomidae_Chironomus","RMR-103-COI_Eukaryota_Arthropoda_Daphniidae_Simocephalus","COI_Taxa00038","COI_Taxa00079",0
469,692,0.98614758178566,"RMR-103-COI_Eukaryota_Arthropoda_Chironomidae_Chironomus","RMR-103-COI_Eukaryota___","COI_Taxa00038","COI_Taxa00322",1
469,719,0.988899045447089,"RMR-103-COI_Eukaryota_Arthropoda_Chironomidae_Chironomus","RMR-103-COI_Eukaryota_Rotifera__","COI_Taxa00038","COI_Taxa00404",0
469,721,0.990217460247873,"RMR-103-COI_Eukaryota_Arthropoda_Chironomidae_Chironomus","RMR-103-COI_Eukaryota_Arthropoda__","COI_Taxa00038","COI_Taxa00423",1
471,473,0.996029554686654,"RMR-103-COI_Eukaryota___","RMR-103-COI_Eukaryota___","COI_Taxa00040","COI_Taxa00042",1
471,511,0.984156499201225,"RMR-103-COI_Eukaryota___","RMR-103-COI_Eukaryota___","COI_Taxa00040","COI_Taxa00084",1
471,519,0.98748444819007,"RMR-103-COI_Eukaryota___","RMR-103-COI_Eukaryota___","COI_Taxa00040","COI_Taxa00093",1
471,520,0.995158059728946,"RMR-103-COI_Eukaryota___","RMR-103-COI_Eukaryota___","COI_Taxa00040","COI_Taxa00094",1
471,556,0.987744911650812,"RMR-103-COI_Eukaryota___","RMR-103-COI_Eukaryota___","COI_Taxa00040","COI_Taxa00136",1
471,596,0.996261671152227,"RMR-103-COI_Eukaryota___","RMR-103-COI_Eukaryota___","COI_Taxa00040","COI_Taxa00181",1
471,643,0.991820261474903,"RMR-103-COI_Eukaryota___","RMR-103-COI_Eukaryota___","COI_Taxa00040","COI_Taxa00242",1
471,658,0.983376503209953,"RMR-103-COI_Eukaryota___","RMR-103-COI_Eukaryota___","COI_Taxa00040","COI_Taxa00260",1
471,698,0.989253434379509,"RMR-103-COI_Eukaryota___","RMR-103-COI_Eukaryota___","COI_Taxa00040","COI_Taxa00341",1
473,519,0.992684691968263,"RMR-103-COI_Eukaryota___","RMR-103-COI_Eukaryota___","COI_Taxa00042","COI_Taxa00093",1
473,520,0.994580856050797,"RMR-103-COI_Eukaryota___","RMR-103-COI_Eukaryota___","COI_Taxa00042","COI_Taxa00094",1
473,556,0.996543374640475,"RMR-103-COI_Eukaryota___","RMR-103-COI_Eukaryota___","COI_Taxa00042","COI_Taxa00136",1
473,596,0.992331677425963,"RMR-103-COI_Eukaryota___","RMR-103-COI_Eukaryota___","COI_Taxa00042","COI_Taxa00181",1
473,643,0.988521191416228,"RMR-103-COI_Eukaryota___","RMR-103-COI_Eukaryota___","COI_Taxa00042","COI_Taxa00242",1
473,698,0.985513059754157,"RMR-103-COI_Eukaryota___","RMR-103-COI_Eukaryota___","COI_Taxa00042","COI_Taxa00341",1
478,493,0.98841780963827,"RMR-103-COI_Eukaryota___","RMR-103-COI_Eukaryota___","COI_Taxa00047","COI_Taxa00063",1
478,560,0.986102782015536,"RMR-103-COI_Eukaryota___","RMR-103-COI_Eukaryota___","COI_Taxa00047","COI_Taxa00141",1
480,582,0.98165317880352,"RMR-103-COI_Eukaryota_Discosea_Paramoebidae_Korotnevella","RMR-103-COI_Eukaryota___","COI_Taxa00049","COI_Taxa00165",1
480,703,0.980136344595067,"RMR-103-COI_Eukaryota_Discosea_Paramoebidae_Korotnevella","RMR-103-COI_Eukaryota_Discosea_Paramoebidae_Korotnevella","COI_Taxa00049","COI_Taxa00349",1
484,512,0.988551702251817,"RMR-103-COI_Eukaryota___","RMR-103-COI_Eukaryota___","COI_Taxa00053","COI_Taxa00085",1
488,511,0.984373851552315,"RMR-103-COI_Eukaryota___","RMR-103-COI_Eukaryota___","COI_Taxa00057","COI_Taxa00084",1
492,676,0.994653992516034,"RMR-103-COI_Eukaryota_Arthropoda__","RMR-103-COI_Eukaryota_Tubulinea__","COI_Taxa00061","COI_Taxa00285",0
493,511,0.989770342522194,"RMR-103-COI_Eukaryota___","RMR-103-COI_Eukaryota___","COI_Taxa00063","COI_Taxa00084",1
493,560,0.989777452105155,"RMR-103-COI_Eukaryota___","RMR-103-COI_Eukaryota___","COI_Taxa00063","COI_Taxa00141",1
493,596,0.982101240182431,"RMR-103-COI_Eukaryota___","RMR-103-COI_Eukaryota___","COI_Taxa00063","COI_Taxa00181",1
493,658,0.988562330519102,"RMR-103-COI_Eukaryota___","RMR-103-COI_Eukaryota___","COI_Taxa00063","COI_Taxa00260",1
507,692,0.994281148414585,"RMR-103-COI_Eukaryota_Arthropoda_Daphniidae_Simocephalus","RMR-103-COI_Eukaryota___","COI_Taxa00079","COI_Taxa00322",1
507,719,0.999758331000728,"RMR-103-COI_Eukaryota_Arthropoda_Daphniidae_Simocephalus","RMR-103-COI_Eukaryota_Rotifera__","COI_Taxa00079","COI_Taxa00404",0
507,721,0.999921889605227,"RMR-103-COI_Eukaryota_Arthropoda_Daphniidae_Simocephalus","RMR-103-COI_Eukaryota_Arthropoda__","COI_Taxa00079","COI_Taxa00423",1
509,567,0.990694342215108,"RMR-103-COI_Eukaryota___","RMR-103-COI_Eukaryota___","COI_Taxa00082","COI_Taxa00149",1
509,617,0.999319464589313,"RMR-103-COI_Eukaryota___","RMR-103-COI_Eukaryota___","COI_Taxa00082","COI_Taxa00206",1
509,654,0.991824641662092,"RMR-103-COI_Eukaryota___","RMR-103-COI_Eukaryota___","COI_Taxa00082","COI_Taxa00254",1
509,673,0.995638576196422,"RMR-103-COI_Eukaryota___","RMR-103-COI_Eukaryota_Cnidaria__","COI_Taxa00082","COI_Taxa00282",1
509,707,0.994767785974232,"RMR-103-COI_Eukaryota___","RMR-103-COI_Eukaryota___","COI_Taxa00082","COI_Taxa00358",1
509,831,0.992335323298098,"RMR-103-COI_Eukaryota___","CMR-007-18S_Eukaryota_Ciliophora_Parameciidae_Paramecium","COI_Taxa00082","EUK_Taxa00096",1
511,520,0.981704687285054,"RMR-103-COI_Eukaryota___","RMR-103-COI_Eukaryota___","COI_Taxa00084","COI_Taxa00094",1
511,560,0.983117165258367,"RMR-103-COI_Eukaryota___","RMR-103-COI_Eukaryota___","COI_Taxa00084","COI_Taxa00141",1
511,596,0.987213428816289,"RMR-103-COI_Eukaryota___","RMR-103-COI_Eukaryota___","COI_Taxa00084","COI_Taxa00181",1
511,658,0.988268822205006,"RMR-103-COI_Eukaryota___","RMR-103-COI_Eukaryota___","COI_Taxa00084","COI_Taxa00260",1
517,597,0.987711816093696,"RMR-103-COI_Eukaryota___","RMR-103-COI_Eukaryota_Rotifera__","COI_Taxa00090","COI_Taxa00182",1
517,619,0.99097932968187,"RMR-103-COI_Eukaryota___","RMR-103-COI_Eukaryota___","COI_Taxa00090","COI_Taxa00208",1
519,520,0.996842642789906,"RMR-103-COI_Eukaryota___","RMR-103-COI_Eukaryota___","COI_Taxa00093","COI_Taxa00094",1
519,541,0.984763722489498,"RMR-103-COI_Eukaryota___","RMR-103-COI_Eukaryota_Oomycota__","COI_Taxa00093","COI_Taxa00118",1
519,556,0.994774236791434,"RMR-103-COI_Eukaryota___","RMR-103-COI_Eukaryota___","COI_Taxa00093","COI_Taxa00136",1
519,596,0.980011774198579,"RMR-103-COI_Eukaryota___","RMR-103-COI_Eukaryota___","COI_Taxa00093","COI_Taxa00181",1
519,698,0.987470512840836,"RMR-103-COI_Eukaryota___","RMR-103-COI_Eukaryota___","COI_Taxa00093","COI_Taxa00341",1
520,556,0.991669579583107,"RMR-103-COI_Eukaryota___","RMR-103-COI_Eukaryota___","COI_Taxa00094","COI_Taxa00136",1
520,596,0.988895317557886,"RMR-103-COI_Eukaryota___","RMR-103-COI_Eukaryota___","COI_Taxa00094","COI_Taxa00181",1
520,643,0.982280610596093,"RMR-103-COI_Eukaryota___","RMR-103-COI_Eukaryota___","COI_Taxa00094","COI_Taxa00242",1
520,658,0.980782918774742,"RMR-103-COI_Eukaryota___","RMR-103-COI_Eukaryota___","COI_Taxa00094","COI_Taxa00260",1
520,698,0.991978387615183,"RMR-103-COI_Eukaryota___","RMR-103-COI_Eukaryota___","COI_Taxa00094","COI_Taxa00341",1
536,1014,0.989106875625084,"RMR-103-COI_Eukaryota_Rotifera__","CMR-007-18S_Eukaryota__Chromulinaceae_Ochromonas","COI_Taxa00113","EUK_Taxa00289",1
541,556,0.981583926112801,"RMR-103-COI_Eukaryota_Oomycota__","RMR-103-COI_Eukaryota___","COI_Taxa00118","COI_Taxa00136",1
541,624,0.980055532146245,"RMR-103-COI_Eukaryota_Oomycota__","RMR-103-COI_Eukaryota___","COI_Taxa00118","COI_Taxa00216",1
541,659,0.981552356232626,"RMR-103-COI_Eukaryota_Oomycota__","RMR-103-COI_Eukaryota_Oomycota__","COI_Taxa00118","COI_Taxa00262",1
545,564,0.989259893693039,"RMR-103-COI_Eukaryota___","RMR-103-COI_Eukaryota_Bacillariophyta_Bacillariaceae_Nitzschia","COI_Taxa00123","COI_Taxa00145",1
545,598,0.991406334386352,"RMR-103-COI_Eukaryota___","RMR-103-COI_Eukaryota___","COI_Taxa00123","COI_Taxa00183",1
545,636,0.983620507088665,"RMR-103-COI_Eukaryota___","RMR-103-COI_Eukaryota___","COI_Taxa00123","COI_Taxa00234",1
545,657,0.982141683391407,"RMR-103-COI_Eukaryota___","RMR-103-COI_Eukaryota___","COI_Taxa00123","COI_Taxa00258",1
547,1239,0.986984937759261,"RMR-103-COI_Eukaryota_Rotifera__","CMR-007-18S_Eukaryota___","COI_Taxa00126","EUK_Taxa00644",1
556,596,0.983656435674899,"RMR-103-COI_Eukaryota___","RMR-103-COI_Eukaryota___","COI_Taxa00136","COI_Taxa00181",1
556,643,0.981225083183958,"RMR-103-COI_Eukaryota___","RMR-103-COI_Eukaryota___","COI_Taxa00136","COI_Taxa00242",1
560,658,0.986590842940905,"RMR-103-COI_Eukaryota___","RMR-103-COI_Eukaryota___","COI_Taxa00141","COI_Taxa00260",1
560,689,0.98051016887526,"RMR-103-COI_Eukaryota___","RMR-103-COI_Eukaryota___","COI_Taxa00141","COI_Taxa00313",1
564,598,0.988578350098404,"RMR-103-COI_Eukaryota_Bacillariophyta_Bacillariaceae_Nitzschia","RMR-103-COI_Eukaryota___","COI_Taxa00145","COI_Taxa00183",1
564,636,0.98701422939719,"RMR-103-COI_Eukaryota_Bacillariophyta_Bacillariaceae_Nitzschia","RMR-103-COI_Eukaryota___","COI_Taxa00145","COI_Taxa00234",1
567,617,0.989627878218239,"RMR-103-COI_Eukaryota___","RMR-103-COI_Eukaryota___","COI_Taxa00149","COI_Taxa00206",1
567,654,0.992027897831713,"RMR-103-COI_Eukaryota___","RMR-103-COI_Eukaryota___","COI_Taxa00149","COI_Taxa00254",1
567,673,0.994149251156589,"RMR-103-COI_Eukaryota___","RMR-103-COI_Eukaryota_Cnidaria__","COI_Taxa00149","COI_Taxa00282",1
567,707,0.990498303898805,"RMR-103-COI_Eukaryota___","RMR-103-COI_Eukaryota___","COI_Taxa00149","COI_Taxa00358",1
567,831,0.984548388464215,"RMR-103-COI_Eukaryota___","CMR-007-18S_Eukaryota_Ciliophora_Parameciidae_Paramecium","COI_Taxa00149","EUK_Taxa00096",1
596,643,0.993914761811332,"RMR-103-COI_Eukaryota___","RMR-103-COI_Eukaryota___","COI_Taxa00181","COI_Taxa00242",1
596,658,0.984107750548421,"RMR-103-COI_Eukaryota___","RMR-103-COI_Eukaryota___","COI_Taxa00181","COI_Taxa00260",1
596,698,0.980831527809539,"RMR-103-COI_Eukaryota___","RMR-103-COI_Eukaryota___","COI_Taxa00181","COI_Taxa00341",1
597,619,0.980166400968348,"RMR-103-COI_Eukaryota_Rotifera__","RMR-103-COI_Eukaryota___","COI_Taxa00182","COI_Taxa00208",1
598,636,0.987490708583123,"RMR-103-COI_Eukaryota___","RMR-103-COI_Eukaryota___","COI_Taxa00183","COI_Taxa00234",1
605,668,0.987124659900575,"RMR-103-COI_Eukaryota_Oomycota__","RMR-103-COI_Eukaryota___","COI_Taxa00192","COI_Taxa00274",1
605,673,0.982943978113572,"RMR-103-COI_Eukaryota_Oomycota__","RMR-103-COI_Eukaryota_Cnidaria__","COI_Taxa00192","COI_Taxa00282",0
605,707,0.980609973716845,"RMR-103-COI_Eukaryota_Oomycota__","RMR-103-COI_Eukaryota___","COI_Taxa00192","COI_Taxa00358",1
617,654,0.990051508634065,"RMR-103-COI_Eukaryota___","RMR-103-COI_Eukaryota___","COI_Taxa00206","COI_Taxa00254",1
617,673,0.994384985361337,"RMR-103-COI_Eukaryota___","RMR-103-COI_Eukaryota_Cnidaria__","COI_Taxa00206","COI_Taxa00282",1
617,707,0.992788742474244,"RMR-103-COI_Eukaryota___","RMR-103-COI_Eukaryota___","COI_Taxa00206","COI_Taxa00358",1
617,831,0.990782261870582,"RMR-103-COI_Eukaryota___","CMR-007-18S_Eukaryota_Ciliophora_Parameciidae_Paramecium","COI_Taxa00206","EUK_Taxa00096",1
642,709,0.980212142701467,"RMR-103-COI_Eukaryota___","RMR-103-COI_Eukaryota___","COI_Taxa00241","COI_Taxa00366",1
654,668,0.987231080300442,"RMR-103-COI_Eukaryota___","RMR-103-COI_Eukaryota___","COI_Taxa00254","COI_Taxa00274",1
654,673,0.989470662091978,"RMR-103-COI_Eukaryota___","RMR-103-COI_Eukaryota_Cnidaria__","COI_Taxa00254","COI_Taxa00282",1
654,707,0.994322244287121,"RMR-103-COI_Eukaryota___","RMR-103-COI_Eukaryota___","COI_Taxa00254","COI_Taxa00358",1
654,831,0.988509436519265,"RMR-103-COI_Eukaryota___","CMR-007-18S_Eukaryota_Ciliophora_Parameciidae_Paramecium","COI_Taxa00254","EUK_Taxa00096",1
657,711,0.981929797784186,"RMR-103-COI_Eukaryota___","RMR-103-COI_Eukaryota___","COI_Taxa00258","COI_Taxa00381",1
658,689,0.99095451233927,"RMR-103-COI_Eukaryota___","RMR-103-COI_Eukaryota___","COI_Taxa00260","COI_Taxa00313",1
668,673,0.983739269660363,"RMR-103-COI_Eukaryota___","RMR-103-COI_Eukaryota_Cnidaria__","COI_Taxa00274","COI_Taxa00282",1
668,707,0.992679135030593,"RMR-103-COI_Eukaryota___","RMR-103-COI_Eukaryota___","COI_Taxa00274","COI_Taxa00358",1
668,831,0.983665561966572,"RMR-103-COI_Eukaryota___","CMR-007-18S_Eukaryota_Ciliophora_Parameciidae_Paramecium","COI_Taxa00274","EUK_Taxa00096",1
673,707,0.994260984379172,"RMR-103-COI_Eukaryota_Cnidaria__","RMR-103-COI_Eukaryota___","COI_Taxa00282","COI_Taxa00358",1
673,831,0.989239298934069,"RMR-103-COI_Eukaryota_Cnidaria__","CMR-007-18S_Eukaryota_Ciliophora_Parameciidae_Paramecium","COI_Taxa00282","EUK_Taxa00096",0
682,736,0.983262392272417,"RMR-103-COI_Eukaryota___","RMR-103-COI_Eukaryota___","COI_Taxa00296","COI_Taxa00594",1
692,719,0.994467468004461,"RMR-103-COI_Eukaryota___","RMR-103-COI_Eukaryota_Rotifera__","COI_Taxa00322","COI_Taxa00404",1
692,721,0.99462035574064,"RMR-103-COI_Eukaryota___","RMR-103-COI_Eukaryota_Arthropoda__","COI_Taxa00322","COI_Taxa00423",1
697,1132,0.982339930011839,"RMR-103-COI_Eukaryota___","CMR-007-18S_Eukaryota_Ciliophora__","COI_Taxa00337","EUK_Taxa00430",1
707,831,0.992125218943788,"RMR-103-COI_Eukaryota___","CMR-007-18S_Eukaryota_Ciliophora_Parameciidae_Paramecium","COI_Taxa00358","EUK_Taxa00096",1
719,721,0.999702806301175,"RMR-103-COI_Eukaryota_Rotifera__","RMR-103-COI_Eukaryota_Arthropoda__","COI_Taxa00404","COI_Taxa00423",0
722,737,0.986736962177761,"RMR-103-COI_Eukaryota___","RMR-103-COI_Eukaryota___","COI_Taxa00430","COI_Taxa00596",1
728,738,0.996684741349353,"RMR-103-COI_Eukaryota___","RMR-103-COI_Eukaryota___","COI_Taxa00481","COI_Taxa00619",1
728,743,0.995179409779207,"RMR-103-COI_Eukaryota___","RMR-103-COI_Eukaryota___","COI_Taxa00481","COI_Taxa00762",1
738,743,0.994978491999674,"RMR-103-COI_Eukaryota___","RMR-103-COI_Eukaryota___","COI_Taxa00619","COI_Taxa00762",1
766,1143,0.982043461346447,"CMR-007-18S_Eukaryota___","CMR-007-18S_Eukaryota_Euglenozoa__","EUK_Taxa00025","EUK_Taxa00448",1
778,960,0.984207278011462,"CMR-007-18S_Eukaryota_Chlorophyta__","CMR-007-18S_Eukaryota__Siluaniidae_Paramonas","EUK_Taxa00039","EUK_Taxa00231",1
781,862,0.981269372393494,"CMR-007-18S_Eukaryota_Ciliophora__","CMR-007-18S_Eukaryota_Chlorophyta_Crustomastigaceae_Crustomastix","EUK_Taxa00042","EUK_Taxa00130",0
784,1360,0.98500703343814,"CMR-007-18S_Eukaryota_Chlorophyta_Volvocaceae_","CMR-007-18S_Eukaryota___","EUK_Taxa00045","EUK_Taxa01313",1
785,1232,0.985993589032597,"CMR-007-18S_Eukaryota_Chlorophyta__","CMR-007-18S_Eukaryota___","EUK_Taxa00046","EUK_Taxa00624",1
785,1328,0.988550222905906,"CMR-007-18S_Eukaryota_Chlorophyta__","CMR-007-18S_Eukaryota___","EUK_Taxa00046","EUK_Taxa00971",1
791,818,0.985139655456215,"CMR-007-18S_Eukaryota_Euglenozoa_Euglenaceae_Euglena","CMR-007-18S_Eukaryota_Euglenozoa_Euglenaceae_Euglena","EUK_Taxa00053","EUK_Taxa00082",1
791,960,0.989913060740825,"CMR-007-18S_Eukaryota_Euglenozoa_Euglenaceae_Euglena","CMR-007-18S_Eukaryota__Siluaniidae_Paramonas","EUK_Taxa00053","EUK_Taxa00231",0
791,1354,0.989434718842156,"CMR-007-18S_Eukaryota_Euglenozoa_Euglenaceae_Euglena","CMR-007-18S_Eukaryota___","EUK_Taxa00053","EUK_Taxa01217",1
793,1122,0.995138217313803,"CMR-007-18S_Eukaryota_Chlorophyta_Volvocaceae_","CMR-007-18S_Eukaryota_Cercozoa_Cercomonadidae_","EUK_Taxa00055","EUK_Taxa00412",0
793,1270,0.983410693640964,"CMR-007-18S_Eukaryota_Chlorophyta_Volvocaceae_","CMR-007-18S_Eukaryota_Euglenozoa_Bodonidae_","EUK_Taxa00055","EUK_Taxa00716",0
795,941,0.980251909813201,"CMR-007-18S_Eukaryota___","CMR-007-18S_Eukaryota_Euglenozoa__","EUK_Taxa00057","EUK_Taxa00212",1
796,1210,0.993855462893385,"CMR-007-18S_Eukaryota_Chlorophyta_Phacotaceae_","CMR-007-18S_Eukaryota___","EUK_Taxa00058","EUK_Taxa00577",1
818,863,0.981726731899608,"CMR-007-18S_Eukaryota_Euglenozoa_Euglenaceae_Euglena","CMR-007-18S_Eukaryota___","EUK_Taxa00082","EUK_Taxa00131",1
818,960,0.992111326100105,"CMR-007-18S_Eukaryota_Euglenozoa_Euglenaceae_Euglena","CMR-007-18S_Eukaryota__Siluaniidae_Paramonas","EUK_Taxa00082","EUK_Taxa00231",0
818,1255,0.985575007139691,"CMR-007-18S_Eukaryota_Euglenozoa_Euglenaceae_Euglena","CMR-007-18S_Eukaryota_Euglenozoa__","EUK_Taxa00082","EUK_Taxa00682",1
825,1054,0.982826997513757,"CMR-007-18S_Eukaryota___","CMR-007-18S_Eukaryota_Cercozoa__","EUK_Taxa00090","EUK_Taxa00335",1
833,1078,0.982928811210648,"CMR-007-18S_Eukaryota__Siluaniidae_","CMR-007-18S_Eukaryota_Euglenozoa_Phacaceae_Lepocinclis","EUK_Taxa00098","EUK_Taxa00362",0
833,1331,0.980185920262347,"CMR-007-18S_Eukaryota__Siluaniidae_","CMR-007-18S_Eukaryota__Siluaniidae_Paramonas","EUK_Taxa00098","EUK_Taxa00992",1
833,1352,0.990065791133231,"CMR-007-18S_Eukaryota__Siluaniidae_","CMR-007-18S_Eukaryota_Euglenozoa_Euglenaceae_Trachelomonas","EUK_Taxa00098","EUK_Taxa01193",0
835,839,0.989621675359211,"CMR-007-18S_Eukaryota___","CMR-007-18S_Eukaryota___","EUK_Taxa00101","EUK_Taxa00106",1
840,877,0.99907217589077,"CMR-007-18S_Eukaryota_Bacillariophyta__","CMR-007-18S_Eukaryota_Bacillariophyta_Bacillariaceae_","EUK_Taxa00107","EUK_Taxa00145",1
840,951,0.997665448433731,"CMR-007-18S_Eukaryota_Bacillariophyta__","CMR-007-18S_Eukaryota_Nematoda_Actinolaimidae_","EUK_Taxa00107","EUK_Taxa00222",0
840,966,0.997079186727137,"CMR-007-18S_Eukaryota_Bacillariophyta__","CMR-007-18S_Eukaryota_Bacillariophyta__","EUK_Taxa00107","EUK_Taxa00237",1
840,990,0.998842613329623,"CMR-007-18S_Eukaryota_Bacillariophyta__","CMR-007-18S_Eukaryota_Bacillariophyta_Naviculaceae_","EUK_Taxa00107","EUK_Taxa00263",1
840,1036,0.998171705487869,"CMR-007-18S_Eukaryota_Bacillariophyta__","CMR-007-18S_Eukaryota_Bacillariophyta__","EUK_Taxa00107","EUK_Taxa00313",1
840,1101,0.992399101640162,"CMR-007-18S_Eukaryota_Bacillariophyta__","CMR-007-18S_Eukaryota_Bacillariophyta__","EUK_Taxa00107","EUK_Taxa00386",1
840,1157,0.997284524652507,"CMR-007-18S_Eukaryota_Bacillariophyta__","CMR-007-18S_Eukaryota___","EUK_Taxa00107","EUK_Taxa00472",1
840,1173,0.998271981077087,"CMR-007-18S_Eukaryota_Bacillariophyta__","CMR-007-18S_Eukaryota_Endomyxa_Leptophryidae_","EUK_Taxa00107","EUK_Taxa00498",0
840,1349,0.998596719990905,"CMR-007-18S_Eukaryota_Bacillariophyta__","CMR-007-18S_Eukaryota___","EUK_Taxa00107","EUK_Taxa01148",1
858,1141,0.987282185809261,"CMR-007-18S_Eukaryota___","CMR-007-18S_Eukaryota_Chlorophyta_Chlamydomonadaceae_Chlamydomonas","EUK_Taxa00126","EUK_Taxa00446",1
862,1116,0.983668957036559,"CMR-007-18S_Eukaryota_Chlorophyta_Crustomastigaceae_Crustomastix","CMR-007-18S_Eukaryota_Chlorophyta_Crustomastigaceae_Crustomastix","EUK_Taxa00130","EUK_Taxa00406",1
863,960,0.987680371872571,"CMR-007-18S_Eukaryota___","CMR-007-18S_Eukaryota__Siluaniidae_Paramonas","EUK_Taxa00131","EUK_Taxa00231",1
866,1006,0.987117542223744,"CMR-007-18S____","CMR-007-18S_Eukaryota___","EUK_Taxa00134","EUK_Taxa00279",1
866,1169,0.987013768982611,"CMR-007-18S____","CMR-007-18S_Eukaryota_Euglenozoa_Euglenaceae_","EUK_Taxa00134","EUK_Taxa00489",1
866,1236,0.990611188843815,"CMR-007-18S____","CMR-007-18S____","EUK_Taxa00134","EUK_Taxa00640",1
866,1322,0.984061560899377,"CMR-007-18S____","CMR-007-18S_Eukaryota_Euglenozoa_Euglenaceae_","EUK_Taxa00134","EUK_Taxa00920",1
877,951,0.99928844319375,"CMR-007-18S_Eukaryota_Bacillariophyta_Bacillariaceae_","CMR-007-18S_Eukaryota_Nematoda_Actinolaimidae_","EUK_Taxa00145","EUK_Taxa00222",0
877,966,0.997233436011062,"CMR-007-18S_Eukaryota_Bacillariophyta_Bacillariaceae_","CMR-007-18S_Eukaryota_Bacillariophyta__","EUK_Taxa00145","EUK_Taxa00237",1
877,990,0.999239951556064,"CMR-007-18S_Eukaryota_Bacillariophyta_Bacillariaceae_","CMR-007-18S_Eukaryota_Bacillariophyta_Naviculaceae_","EUK_Taxa00145","EUK_Taxa00263",0
877,1036,0.998511907959807,"CMR-007-18S_Eukaryota_Bacillariophyta_Bacillariaceae_","CMR-007-18S_Eukaryota_Bacillariophyta__","EUK_Taxa00145","EUK_Taxa00313",1
877,1101,0.98984141755393,"CMR-007-18S_Eukaryota_Bacillariophyta_Bacillariaceae_","CMR-007-18S_Eukaryota_Bacillariophyta__","EUK_Taxa00145","EUK_Taxa00386",1
877,1157,0.997219404451277,"CMR-007-18S_Eukaryota_Bacillariophyta_Bacillariaceae_","CMR-007-18S_Eukaryota___","EUK_Taxa00145","EUK_Taxa00472",1
877,1173,0.998704660200253,"CMR-007-18S_Eukaryota_Bacillariophyta_Bacillariaceae_","CMR-007-18S_Eukaryota_Endomyxa_Leptophryidae_","EUK_Taxa00145","EUK_Taxa00498",0
877,1349,0.999395696229919,"CMR-007-18S_Eukaryota_Bacillariophyta_Bacillariaceae_","CMR-007-18S_Eukaryota___","EUK_Taxa00145","EUK_Taxa01148",1
878,1339,0.983787824084335,"CMR-007-18S_Eukaryota_Chlorophyta__","CMR-007-18S_Eukaryota__Siluaniidae_","EUK_Taxa00146","EUK_Taxa01050",1
887,1200,0.993088181172141,"CMR-007-18S_Eukaryota_Chlorophyta__","CMR-007-18S_Eukaryota___","EUK_Taxa00155","EUK_Taxa00552",1
888,919,0.981609067282775,"CMR-007-18S_Eukaryota_Euglenozoa_Euglenaceae_Euglena","CMR-007-18S_Eukaryota_Euglenozoa__","EUK_Taxa00156","EUK_Taxa00189",1
896,1233,0.988915768298618,"CMR-007-18S_Eukaryota___","CMR-007-18S_Eukaryota___","EUK_Taxa00165","EUK_Taxa00632",1
898,1357,0.982945345051553,"CMR-007-18S_Eukaryota_Tubulinea_Amoebidae_","CMR-007-18S_Eukaryota___","EUK_Taxa00167","EUK_Taxa01248",1
918,1358,0.980840260929878,"CMR-007-18S_Eukaryota_Chlorophyta__","CMR-007-18S_Eukaryota_Discosea__Mayorella","EUK_Taxa00188","EUK_Taxa01250",0
919,1314,0.984511607635403,"CMR-007-18S_Eukaryota_Euglenozoa__","CMR-007-18S_Eukaryota_Euglenozoa_Euglenaceae_Trachelomonas","EUK_Taxa00189","EUK_Taxa00885",1
926,1278,0.981816159230021,"CMR-007-18S____","CMR-007-18S_Eukaryota_Euglenozoa__","EUK_Taxa00197","EUK_Taxa00730",1
938,945,0.990618128392361,"CMR-007-18S____","CMR-007-18S_Eukaryota_Arthropoda__","EUK_Taxa00209","EUK_Taxa00216",1
946,1014,0.989584636585028,"CMR-007-18S____","CMR-007-18S_Eukaryota__Chromulinaceae_Ochromonas","EUK_Taxa00217","EUK_Taxa00289",1
951,966,0.995710363955022,"CMR-007-18S_Eukaryota_Nematoda_Actinolaimidae_","CMR-007-18S_Eukaryota_Bacillariophyta__","EUK_Taxa00222","EUK_Taxa00237",0
951,990,0.998852698479791,"CMR-007-18S_Eukaryota_Nematoda_Actinolaimidae_","CMR-007-18S_Eukaryota_Bacillariophyta_Naviculaceae_","EUK_Taxa00222","EUK_Taxa00263",0
951,1036,0.997735412700761,"CMR-007-18S_Eukaryota_Nematoda_Actinolaimidae_","CMR-007-18S_Eukaryota_Bacillariophyta__","EUK_Taxa00222","EUK_Taxa00313",0
951,1101,0.988270071535978,"CMR-007-18S_Eukaryota_Nematoda_Actinolaimidae_","CMR-007-18S_Eukaryota_Bacillariophyta__","EUK_Taxa00222","EUK_Taxa00386",0
951,1157,0.99613742954393,"CMR-007-18S_Eukaryota_Nematoda_Actinolaimidae_","CMR-007-18S_Eukaryota___","EUK_Taxa00222","EUK_Taxa00472",1
951,1173,0.998618705673038,"CMR-007-18S_Eukaryota_Nematoda_Actinolaimidae_","CMR-007-18S_Eukaryota_Endomyxa_Leptophryidae_","EUK_Taxa00222","EUK_Taxa00498",0
951,1349,0.999346169994737,"CMR-007-18S_Eukaryota_Nematoda_Actinolaimidae_","CMR-007-18S_Eukaryota___","EUK_Taxa00222","EUK_Taxa01148",1
959,1077,0.989471533286392,"CMR-007-18S_Eukaryota___","CMR-007-18S_Eukaryota___","EUK_Taxa00230","EUK_Taxa00361",1
960,1354,0.981884481083871,"CMR-007-18S_Eukaryota__Siluaniidae_Paramonas","CMR-007-18S_Eukaryota___","EUK_Taxa00231","EUK_Taxa01217",1
966,990,0.997798306345478,"CMR-007-18S_Eukaryota_Bacillariophyta__","CMR-007-18S_Eukaryota_Bacillariophyta_Naviculaceae_","EUK_Taxa00237","EUK_Taxa00263",1
966,1036,0.997793198971135,"CMR-007-18S_Eukaryota_Bacillariophyta__","CMR-007-18S_Eukaryota_Bacillariophyta__","EUK_Taxa00237","EUK_Taxa00313",1
966,1101,0.989303847296004,"CMR-007-18S_Eukaryota_Bacillariophyta__","CMR-007-18S_Eukaryota_Bacillariophyta__","EUK_Taxa00237","EUK_Taxa00386",1
966,1157,0.994318604635456,"CMR-007-18S_Eukaryota_Bacillariophyta__","CMR-007-18S_Eukaryota___","EUK_Taxa00237","EUK_Taxa00472",1
966,1173,0.995995116230591,"CMR-007-18S_Eukaryota_Bacillariophyta__","CMR-007-18S_Eukaryota_Endomyxa_Leptophryidae_","EUK_Taxa00237","EUK_Taxa00498",0
966,1349,0.996503037089467,"CMR-007-18S_Eukaryota_Bacillariophyta__","CMR-007-18S_Eukaryota___","EUK_Taxa00237","EUK_Taxa01148",1
984,1328,0.983372016339604,"CMR-007-18S_Eukaryota_Chlorophyta__","CMR-007-18S_Eukaryota___","EUK_Taxa00255","EUK_Taxa00971",1
984,1358,0.980675043685092,"CMR-007-18S_Eukaryota_Chlorophyta__","CMR-007-18S_Eukaryota_Discosea__Mayorella","EUK_Taxa00255","EUK_Taxa01250",0
990,1036,0.998739162362437,"CMR-007-18S_Eukaryota_Bacillariophyta_Naviculaceae_","CMR-007-18S_Eukaryota_Bacillariophyta__","EUK_Taxa00263","EUK_Taxa00313",1
990,1101,0.990965285262403,"CMR-007-18S_Eukaryota_Bacillariophyta_Naviculaceae_","CMR-007-18S_Eukaryota_Bacillariophyta__","EUK_Taxa00263","EUK_Taxa00386",1
990,1157,0.996007905119771,"CMR-007-18S_Eukaryota_Bacillariophyta_Naviculaceae_","CMR-007-18S_Eukaryota___","EUK_Taxa00263","EUK_Taxa00472",1
990,1173,0.998039184738194,"CMR-007-18S_Eukaryota_Bacillariophyta_Naviculaceae_","CMR-007-18S_Eukaryota_Endomyxa_Leptophryidae_","EUK_Taxa00263","EUK_Taxa00498",0
990,1349,0.998601594157133,"CMR-007-18S_Eukaryota_Bacillariophyta_Naviculaceae_","CMR-007-18S_Eukaryota___","EUK_Taxa00263","EUK_Taxa01148",1
995,1115,0.989273016892386,"CMR-007-18S_Eukaryota_Bacillariophyta__","CMR-007-18S_Eukaryota_Bacillariophyta__","EUK_Taxa00268","EUK_Taxa00405",1
1006,1236,0.981661973396401,"CMR-007-18S_Eukaryota___","CMR-007-18S____","EUK_Taxa00279","EUK_Taxa00640",1
1006,1274,0.981369031671947,"CMR-007-18S_Eukaryota___","CMR-007-18S_Eukaryota_Euglenozoa_Euglenaceae_Trachelomonas","EUK_Taxa00279","EUK_Taxa00725",1
1006,1322,0.99098794539638,"CMR-007-18S_Eukaryota___","CMR-007-18S_Eukaryota_Euglenozoa_Euglenaceae_","EUK_Taxa00279","EUK_Taxa00920",1
1027,1247,0.991261981617441,"CMR-007-18S_Eukaryota_Chlorophyta__","CMR-007-18S_Eukaryota___","EUK_Taxa00303","EUK_Taxa00665",1
1027,1359,0.981446845280899,"CMR-007-18S_Eukaryota_Chlorophyta__","CMR-007-18S_Eukaryota_Chlorophyta__","EUK_Taxa00303","EUK_Taxa01284",1
1036,1101,0.992110429705522,"CMR-007-18S_Eukaryota_Bacillariophyta__","CMR-007-18S_Eukaryota_Bacillariophyta__","EUK_Taxa00313","EUK_Taxa00386",1
1036,1157,0.995438661250901,"CMR-007-18S_Eukaryota_Bacillariophyta__","CMR-007-18S_Eukaryota___","EUK_Taxa00313","EUK_Taxa00472",1
1036,1173,0.997249123409587,"CMR-007-18S_Eukaryota_Bacillariophyta__","CMR-007-18S_Eukaryota_Endomyxa_Leptophryidae_","EUK_Taxa00313","EUK_Taxa00498",0
1036,1349,0.997860422224534,"CMR-007-18S_Eukaryota_Bacillariophyta__","CMR-007-18S_Eukaryota___","EUK_Taxa00313","EUK_Taxa01148",1
1073,1101,0.981075653041302,"CMR-007-18S_Eukaryota_Bacillariophyta__","CMR-007-18S_Eukaryota_Bacillariophyta__","EUK_Taxa00356","EUK_Taxa00386",1
1073,1157,0.981315428445884,"CMR-007-18S_Eukaryota_Bacillariophyta__","CMR-007-18S_Eukaryota___","EUK_Taxa00356","EUK_Taxa00472",1
1073,1283,0.983724366682174,"CMR-007-18S_Eukaryota_Bacillariophyta__","CMR-007-18S_Eukaryota_Bacillariophyta__","EUK_Taxa00356","EUK_Taxa00742",1
1078,1331,0.981527857898845,"CMR-007-18S_Eukaryota_Euglenozoa_Phacaceae_Lepocinclis","CMR-007-18S_Eukaryota__Siluaniidae_Paramonas","EUK_Taxa00362","EUK_Taxa00992",0
1078,1352,0.989328905353148,"CMR-007-18S_Eukaryota_Euglenozoa_Phacaceae_Lepocinclis","CMR-007-18S_Eukaryota_Euglenozoa_Euglenaceae_Trachelomonas","EUK_Taxa00362","EUK_Taxa01193",0
1079,1304,0.98760246684446,"CMR-007-18S_Eukaryota___","CMR-007-18S_Eukaryota___","EUK_Taxa00363","EUK_Taxa00824",1
1085,1289,0.990146232367983,"CMR-007-18S_Eukaryota_Ciliophora_Blepharismidae_Blepharisma","CMR-007-18S_Eukaryota_Chlorophyta_Chlamydomonadaceae_Vitreochlamys","EUK_Taxa00369","EUK_Taxa00767",0
1101,1157,0.988557428446987,"CMR-007-18S_Eukaryota_Bacillariophyta__","CMR-007-18S_Eukaryota___","EUK_Taxa00386","EUK_Taxa00472",1
1101,1173,0.989430200067044,"CMR-007-18S_Eukaryota_Bacillariophyta__","CMR-007-18S_Eukaryota_Endomyxa_Leptophryidae_","EUK_Taxa00386","EUK_Taxa00498",0
1101,1349,0.98919427136688,"CMR-007-18S_Eukaryota_Bacillariophyta__","CMR-007-18S_Eukaryota___","EUK_Taxa00386","EUK_Taxa01148",1
1106,1358,0.983610259971286,"CMR-007-18S_Eukaryota___","CMR-007-18S_Eukaryota_Discosea__Mayorella","EUK_Taxa00393","EUK_Taxa01250",1
1107,1331,0.981664899732416,"CMR-007-18S_Eukaryota_Euglenozoa_Euglenaceae_Euglena","CMR-007-18S_Eukaryota__Siluaniidae_Paramonas","EUK_Taxa00396","EUK_Taxa00992",0
1122,1270,0.985963628586184,"CMR-007-18S_Eukaryota_Cercozoa_Cercomonadidae_","CMR-007-18S_Eukaryota_Euglenozoa_Bodonidae_","EUK_Taxa00412","EUK_Taxa00716",0
1125,1339,0.991076189026371,"CMR-007-18S_Eukaryota___","CMR-007-18S_Eukaryota__Siluaniidae_","EUK_Taxa00418","EUK_Taxa01050",1
1157,1173,0.998743414730889,"CMR-007-18S_Eukaryota___","CMR-007-18S_Eukaryota_Endomyxa_Leptophryidae_","EUK_Taxa00472","EUK_Taxa00498",1
1157,1349,0.996832378005674,"CMR-007-18S_Eukaryota___","CMR-007-18S_Eukaryota___","EUK_Taxa00472","EUK_Taxa01148",1
1169,1236,0.986255591904304,"CMR-007-18S_Eukaryota_Euglenozoa_Euglenaceae_","CMR-007-18S____","EUK_Taxa00489","EUK_Taxa00640",1
1173,1349,0.999105056326043,"CMR-007-18S_Eukaryota_Endomyxa_Leptophryidae_","CMR-007-18S_Eukaryota___","EUK_Taxa00498","EUK_Taxa01148",1
1197,1310,0.99078169581703,"CMR-007-18S_Bacteria_Pseudomonadota_Chromobacteriaceae_","CMR-007-18S_Bacteria_Pseudomonadota__","EUK_Taxa00542","EUK_Taxa00854",1
1200,1233,0.981952431237335,"CMR-007-18S_Eukaryota___","CMR-007-18S_Eukaryota___","EUK_Taxa00552","EUK_Taxa00632",1
1232,1328,0.992638644754692,"CMR-007-18S_Eukaryota___","CMR-007-18S_Eukaryota___","EUK_Taxa00624","EUK_Taxa00971",1
1236,1322,0.982308635366864,"CMR-007-18S____","CMR-007-18S_Eukaryota_Euglenozoa_Euglenaceae_","EUK_Taxa00640","EUK_Taxa00920",1
1248,1289,0.981674564514464,"CMR-007-18S_Eukaryota_Blastocladiomycota__","CMR-007-18S_Eukaryota_Chlorophyta_Chlamydomonadaceae_Vitreochlamys","EUK_Taxa00668","EUK_Taxa00767",0
1270,1307,0.985767428855711,"CMR-007-18S_Eukaryota_Euglenozoa_Bodonidae_","CMR-007-18S_Eukaryota_Cercozoa_Cercomonadidae_Paracercomonas","EUK_Taxa00716","EUK_Taxa00829",0
1274,1322,0.986257815944751,"CMR-007-18S_Eukaryota_Euglenozoa_Euglenaceae_Trachelomonas","CMR-007-18S_Eukaryota_Euglenozoa_Euglenaceae_","EUK_Taxa00725","EUK_Taxa00920",1
1307,1328,0.986588216684087,"CMR-007-18S_Eukaryota_Cercozoa_Cercomonadidae_Paracercomonas","CMR-007-18S_Eukaryota___","EUK_Taxa00829","EUK_Taxa00971",1
1331,1352,0.992011970010971,"CMR-007-18S_Eukaryota__Siluaniidae_Paramonas","CMR-007-18S_Eukaryota_Euglenozoa_Euglenaceae_Trachelomonas","EUK_Taxa00992","EUK_Taxa01193",0
